,Rk,PLAYER,POSITION,TEAM,POINTS,TRB,AST,STL,BLK,FG%,3P%,FT%,FGA,3P,3PA,2P,2PA,2P%,eFG%,FT,FTA,ORB,DRB,TOV,PF,GP,MPG,ORPM,DRPM,RPM,WINS_RPM,PIE,PACE,W
0,1,Russell Westbrook,PG,OKC,31.6,10.7,10.4,1.6,0.4,0.425,0.343,0.845,24,2.5,7.2,7.7,16.8,0.459,0.476,8.8,10.4,1.7,9,5.4,2.3,81,34.6,6.74,-0.47,6.27,17.34,23,102.31,46
1,2,James Harden,PG,HOU,29.1,8.1,11.2,1.5,0.5,0.44,0.347,0.847,18.9,3.2,9.3,5.1,9.6,0.53,0.525,9.2,10.9,1.2,7,5.7,2.7,81,36.4,6.38,-1.57,4.81,15.54,19,102.98,54
2,3,Isaiah Thomas,PG,BOS,28.9,2.7,5.9,0.9,0.2,0.463,0.379,0.909,19.4,3.2,8.5,5.8,10.9,0.528,0.546,7.8,8.5,0.6,2.1,2.8,2.2,76,33.8,5.72,-3.89,1.83,8.19,16.1,99.84,51
3,4,Anthony Davis,C,NO,28,11.8,2.1,1.3,2.2,0.505,0.299,0.802,20.3,0.5,1.8,9.7,18.6,0.524,0.518,6.9,8.6,2.3,9.5,2.4,2.2,75,36.1,0.45,3.9,4.35,12.81,19.2,100.19,31
4,5,DeMar DeRozan,SG,TOR,27.3,5.2,3.9,1.1,0.2,0.467,0.266,0.842,20.9,0.4,1.7,9.3,19.2,0.484,0.477,7.4,8.7,0.9,4.3,2.4,1.8,74,35.4,2.21,-2.04,0.17,5.46,15.5,97.69,47
5,6,DeMarcus Cousins,C,NO/SAC,27,11,4.6,1.4,1.3,0.452,0.361,0.772,19.9,1.8,5,7.2,14.8,0.483,0.498,7.2,9.3,2.1,8.9,3.7,3.9,72,34.2,3.56,0.64,4.2,11.26,17.8,97.11,30
6,7,Damian Lillard,PG,POR,27,4.9,5.9,0.9,0.3,0.444,0.37,0.895,19.8,2.9,7.7,6,12.1,0.492,0.516,6.5,7.3,0.6,4.3,2.6,2,75,35.9,4.63,-1.49,3.14,10.72,15.9,99.68,38
7,8,LeBron James,SF,CLE,26.4,8.6,8.7,1.2,0.6,0.548,0.363,0.674,18.2,1.7,4.6,8.3,13.5,0.611,0.594,4.8,7.2,1.3,7.3,4.1,1.8,74,37.8,6.49,1.93,8.42,20.43,18.3,98.38,51
8,9,Kawhi Leonard,SF,SA,25.5,5.8,3.5,1.8,0.7,0.485,0.38,0.88,17.7,2,5.2,6.6,12.5,0.529,0.541,6.3,7.2,1.1,4.7,2.1,1.6,74,33.4,5.83,1.25,7.08,15.53,17.4,95.79,54
9,10,Stephen Curry,PG,GS,25.3,4.5,6.6,1.8,0.2,0.468,0.411,0.898,18.3,4.1,10,4.4,8.3,0.537,0.58,4.1,4.6,0.8,3.7,3,2.3,79,33.4,7.27,0.14,7.41,18.8,15.1,105.08,65
10,11,Kyrie Irving,PG,CLE,25.2,3.2,5.8,1.2,0.3,0.473,0.401,0.905,19.7,2.5,6.1,6.9,13.6,0.505,0.535,4.1,4.6,0.7,2.5,2.5,2.2,72,35.1,4.35,-2.3,2.05,8.28,13.5,99.12,47
11,12,Kevin Durant,SF,GS,25.1,8.3,4.8,1.1,1.6,0.537,0.375,0.875,16.5,1.9,5,7,11.5,0.608,0.594,5.4,6.2,0.6,7.6,2.2,1.9,62,33.4,4.41,1.33,5.74,12.24,18.6,103.71,51
12,13,Karl Anthony Towns,C,MIN,25.1,12.3,2.7,0.7,1.3,0.542,0.367,0.832,18,1.2,3.4,8.5,14.7,0.582,0.576,4.3,5.2,3.6,8.7,2.6,2.9,82,37,3.54,-1.41,2.13,10,17.1,97.1,31
13,14,Jimmy Butler,SF,CHI,23.9,6.2,5.5,1.9,0.4,0.455,0.367,0.865,16.5,1.2,3.3,6.3,13.2,0.477,0.492,7.7,8.9,1.7,4.5,2.1,1.5,76,37,4.82,1.8,6.62,17.35,16.4,97.78,40
14,15,Paul George,SF,IND,23.7,6.6,3.3,1.6,0.4,0.461,0.393,0.898,18,2.6,6.6,5.7,11.4,0.501,0.534,4.5,5,0.8,5.8,2.9,2.7,75,35.9,2.67,-0.09,2.58,9.72,13.6,98.13,39
15,16,Andrew Wiggins,SF,MIN,23.6,4,2.3,1,0.4,0.452,0.356,0.76,19.1,1.3,3.5,7.4,15.6,0.473,0.484,5,6.6,1.2,2.8,2.3,2.2,82,37.2,1.56,-3.16,-1.6,2.94,9.5,97.56,31
16,17,Kemba Walker,PG,CHA,23.2,3.9,5.5,1.1,0.3,0.444,0.399,0.847,18.3,3,7.6,5.1,10.7,0.476,0.527,3.8,4.5,0.6,3.3,2.1,1.5,79,34.7,3.93,-1.25,2.68,9.95,13.7,98.19,36
17,18,Bradley Beal,SG,WSH,23.1,3.1,3.5,1.1,0.3,0.482,0.404,0.825,17.2,2.9,7.2,5.4,10,0.538,0.566,3.7,4.4,0.7,2.4,2,2.2,77,34.9,3.29,-1.04,2.25,9.26,11.9,100.11,48
18,19,John Wall,PG,WSH,23.1,4.2,10.7,2,0.6,0.451,0.327,0.801,18.4,1.1,3.5,7.2,14.9,0.48,0.482,5.4,6.8,0.8,3.4,4.1,1.9,78,36.4,3.52,-1.26,2.26,9.9,15.3,101.07,48
19,21,Giannis Antetokounmpo,SF,MIL,22.9,8.8,5.4,1.6,1.9,0.521,0.272,0.77,15.7,0.6,2.3,7.6,13.5,0.563,0.541,5.9,7.7,1.8,7,2.9,3.1,80,35.6,2.35,1.86,4.21,13,17.6,96.46,42
20,22,Carmelo Anthony,SF,NY,22.4,5.9,2.9,0.8,0.5,0.433,0.359,0.833,18.8,2,5.7,6.1,13.1,0.466,0.488,4.1,4.9,0.8,5.1,2.1,2.7,74,34.3,1.87,-1.75,0.12,5.26,11.8,98.48,29
21,23,Kyle Lowry,PG,TOR,22.4,4.8,7,1.5,0.3,0.464,0.412,0.819,15.3,3.2,7.8,3.9,7.5,0.518,0.569,5,6.1,0.8,4,2.9,2.8,60,37.4,4.7,1.18,5.88,12.67,14.7,96.85,36
22,24,Klay Thompson,SG,GS,22.3,3.7,2.1,0.8,0.5,0.468,0.414,0.853,17.6,3.4,8.3,4.8,9.3,0.516,0.565,2.4,2.8,0.6,3,1.6,1.8,78,34,2.78,-0.45,2.33,9.53,10.9,102.15,66
23,25,Devin Booker,SG,PHX,22.1,3.2,3.4,0.9,0.3,0.423,0.363,0.832,18.3,1.9,5.2,5.9,13.2,0.447,0.475,4.7,5.7,0.6,2.6,3.1,3.1,78,35,1.28,-2.58,-1.3,3.29,8.9,103.62,24
24,26,Gordon Hayward,SF,UTAH,21.9,5.4,3.5,1,0.3,0.471,0.398,0.844,15.8,2,5.1,5.4,10.7,0.506,0.536,5,5.9,0.7,4.7,1.9,1.6,73,34.5,3.14,-0.08,3.06,9.45,15.8,93.44,46
25,27,Blake Griffin,PF,LAC,21.6,8.1,4.9,0.9,0.4,0.493,0.336,0.76,15.9,0.6,1.9,7.2,14.1,0.514,0.513,5.2,6.9,1.8,6.3,2.3,2.6,61,34,3.02,0.76,3.78,9.2,15.2,98.71,40
26,28,Eric Bledsoe,PG,PHX,21.1,4.8,6.3,1.4,0.5,0.434,0.335,0.847,15.7,1.6,4.7,5.2,11,0.477,0.485,5.9,6.9,0.8,4.1,3.4,2.5,66,33,2.33,-0.64,1.69,6.85,14.1,103.09,22
27,29,Mike Conley,PG,MEM,20.5,3.5,6.3,1.3,0.3,0.46,0.408,0.859,14.6,2.5,6.1,4.2,8.6,0.497,0.545,4.6,5.3,0.4,3,2.3,1.8,69,33.2,4.67,-0.2,4.47,10.5,16,94.64,35
28,30,Brook Lopez,C,BKN,20.5,5.4,2.3,0.5,1.7,0.474,0.346,0.81,15.6,1.8,5.2,5.6,10.5,0.536,0.531,3.9,4.9,1.6,3.8,2.5,2.6,75,29.6,1.4,0.55,1.95,7.59,12.4,104.03,20
29,31,Goran Dragic,PG,MIA,20.3,3.8,5.8,1.2,0.2,0.475,0.405,0.79,15.4,1.6,4,5.7,11.4,0.499,0.527,4.1,5.2,0.8,3,2.9,2.7,73,33.7,2.54,-1.62,0.92,6.3,13,98.16,40
30,32,Joel Embiid,C,PHI,20.2,7.8,2.1,0.9,2.5,0.466,0.367,0.783,13.8,1.2,3.2,5.3,10.7,0.495,0.508,6.2,7.9,2,5.9,3.8,3.6,31,25.4,-0.57,2.27,1.7,2.46,17.4,100.25,13
31,33,Jabari Parker,PF,MIL,20.1,6.2,2.8,1,0.4,0.49,0.365,0.743,16,1.3,3.5,6.5,12.5,0.525,0.53,3.2,4.3,1.5,4.6,1.8,2.2,51,33.9,0.83,-1.61,-0.78,2.59,12.1,98.47,22
32,34,Marc Gasol,C,MEM,19.5,6.3,4.6,0.9,1.3,0.459,0.388,0.837,15.7,1.4,3.6,5.8,12.1,0.48,0.503,3.8,4.5,0.8,5.5,2.2,2.3,74,34.2,1.86,0.72,2.58,8.69,15.1,94.43,40
33,35,Harrison Barnes,PF,DAL,19.2,5,1.5,0.8,0.2,0.468,0.351,0.861,16.2,1,2.8,6.6,13.4,0.492,0.498,3.1,3.6,1.2,3.8,1.3,1.6,79,35.5,-0.44,0.11,-0.33,4.78,11.2,93.9,32
34,36,Kevin Love,PF,CLE,19,11.1,1.9,0.9,0.4,0.427,0.373,0.871,14.5,2.4,6.5,3.8,8,0.471,0.51,4.3,4.9,2.5,8.6,2,2.1,60,31.4,2.77,2.26,5.03,9.76,14.8,99.66,40
35,37,Zach LaVine,SG,MIN,18.9,3.4,3,0.9,0.2,0.459,0.387,0.836,15.1,2.6,6.6,4.4,8.5,0.515,0.544,2.5,3,0.4,3,1.8,2.2,47,37.2,-0.62,-2.35,-2.97,0.17,9.5,96.38,16
36,38,Rudy Gay,SF,SAC,18.7,6.3,2.8,1.5,0.9,0.455,0.372,0.855,14.7,1.4,3.8,5.3,11,0.483,0.502,3.9,4.6,1.2,5.2,2.5,2.6,30,33.8,-0.21,1.96,1.75,3.1,12.5,98.07,11
37,39,Dwyane Wade,SG,CHI,18.3,4.5,3.8,1.4,0.7,0.434,0.31,0.794,15.9,0.8,2.4,6.2,13.5,0.456,0.457,3.7,4.7,1.1,3.5,2.3,1.9,60,29.9,-0.45,-0.46,-0.91,2.52,12.1,98.2,29
38,40,Danilo Gallinari,SF,DEN,18.2,5.2,2.1,0.6,0.2,0.447,0.389,0.902,11.9,2,5.1,3.3,6.8,0.491,0.531,5.5,6.1,0.6,4.5,1.3,1.5,63,33.9,2.67,0.21,2.88,8.39,11.4,100.53,31
39,41,Paul Millsap,PF,ATL,18.1,7.7,3.7,1.3,0.9,0.442,0.311,0.768,14.1,1.1,3.5,5.1,10.6,0.486,0.481,4.5,5.9,1.6,6.1,2.3,2.7,69,34,1.23,3.35,4.58,11.51,12.6,100.22,40
40,42,Chris Paul,PG,LAC,18.1,5,9.2,2,0.1,0.476,0.411,0.892,12.9,2,5,4.1,7.9,0.518,0.555,3.8,4.3,0.7,4.3,2.4,2.4,61,31.5,5.16,2.76,7.92,13.48,18.2,98.19,43
41,43,Kristaps Porzingis,PF,NY,18.1,7.2,1.5,0.7,2,0.45,0.357,0.786,14.9,1.7,4.8,5,10.2,0.493,0.507,3,3.8,1.7,5.5,1.8,3.7,66,32.8,-0.31,1.9,1.59,6.54,10.6,99.15,26
42,44,Derrick Rose,PG,NY,18,3.8,4.4,0.7,0.3,0.471,0.217,0.874,15.3,0.2,0.9,7,14.3,0.487,0.477,3.5,4,1,2.8,2.3,1.3,64,32.5,0.11,-2.36,-2.25,1.17,11.2,99.19,26
43,45,Dennis Schroder,PG,ATL,17.9,3.1,6.3,0.9,0.2,0.451,0.34,0.855,15.4,1.3,3.7,5.7,11.6,0.487,0.493,2.8,3.2,0.5,2.6,3.3,1.9,79,31.5,0.31,-2.76,-2.45,1.07,11.7,100.32,42
44,46,Lou Williams,SG,HOU/LAL,17.5,2.5,3,1,0.2,0.429,0.365,0.88,12.3,2,5.5,3.3,6.8,0.48,0.511,5,5.6,0.3,2.2,2,1.1,81,24.6,3.65,-1.68,1.97,6.73,13.3,103.22,34
45,47,LaMarcus Aldridge,PF,SA,17.3,7.3,1.9,0.6,1.2,0.477,0.411,0.812,14.6,0.3,0.8,6.6,13.8,0.48,0.488,3.1,3.8,2.4,4.9,1.4,2.2,72,32.4,-0.09,1.05,0.96,5.79,12.2,94.47,52
46,48,Evan Fournier,SG,ORL,17.2,3.1,3,1,0.1,0.439,0.356,0.805,13.7,1.9,5.3,4.1,8.4,0.491,0.508,3.3,4.1,0.6,2.4,2.1,2.6,68,32.9,0.07,-1.17,-1.1,2.89,8.5,99.6,23
47,49,Hassan Whiteside,C,MIA,17,14.1,0.7,0.7,2.1,0.557,,0.628,12.6,0,0,7,12.6,0.557,0.557,2.9,4.6,3.8,10.3,2,2.9,77,32.6,-0.69,2.72,2.03,8.15,16.3,97.11,39
48,50,George Hill,PG,UTAH,16.9,3.4,4.2,1,0.2,0.477,0.403,0.801,12.4,1.9,4.8,4,7.6,0.523,0.554,3.2,4,0.5,2.9,1.7,2.3,49,31.5,2.64,1.11,3.75,6.28,12.8,92.9,33
49,51,Nikola Jokic,C,DEN,16.7,9.8,4.9,0.8,0.8,0.578,0.324,0.825,11.7,0.6,1.9,6.2,9.8,0.628,0.605,2.6,3.1,2.9,6.9,2.3,2.9,73,27.9,4.44,2.29,6.73,13.18,16.7,100.76,37
50,52,Avery Bradley,SG,BOS,16.3,6.1,2.2,1.2,0.2,0.463,0.39,0.731,14.1,2,5,4.6,9.1,0.504,0.533,1.2,1.7,1.2,4.9,1.6,2.6,55,33.4,-0.44,-1.72,-2.16,1.13,9.9,99.23,34
51,53,Eric Gordon,SG,HOU,16.2,2.7,2.5,0.6,0.5,0.406,0.372,0.84,13.5,3.3,8.8,2.2,4.7,0.468,0.527,2,2.3,0.4,2.3,1.6,2,75,31,1.51,-0.48,1.03,6.36,8.2,103.07,50
52,54,Tobias Harris,PF,DET,16.1,5.1,1.7,0.7,0.5,0.481,0.347,0.841,13,1.3,3.8,4.9,9.1,0.537,0.532,2.3,2.8,0.8,4.3,1.2,1.6,82,31.3,1.19,-0.25,0.94,6.55,11.3,97.41,37
53,55,Victor Oladipo,SG,OKC,15.9,4.3,2.6,1.2,0.3,0.442,0.361,0.753,13.9,1.9,5.3,4.3,8.7,0.491,0.51,1.7,2.3,0.6,3.8,1.8,2.3,67,33.2,0.1,1.56,1.66,6.88,9.5,101.1,39
54,56,Dion Waiters,SG,MIA,15.8,3.3,4.3,0.9,0.4,0.424,0.395,0.646,14.4,1.8,4.7,4.3,9.7,0.438,0.488,1.8,2.8,0.4,2.9,2.2,2.1,46,30.1,0.12,-0.07,0.05,2.8,10,98.03,27
55,57,Wilson Chandler,SF,DEN,15.7,6.5,2,0.7,0.4,0.461,0.337,0.727,13.2,1.5,4.6,4.5,8.6,0.527,0.52,2,2.7,1.5,5,1.6,2.4,71,30.9,0.3,-1.54,-1.24,2.69,9.8,100.43,35
56,58,DAngelo Russell,PG,LAL,15.6,3.5,4.8,1.4,0.3,0.405,0.352,0.782,13.8,2.1,6.1,3.4,7.7,0.447,0.483,2.3,3,0.5,3,2.8,2.1,63,28.7,0.75,-2.45,-1.7,1.69,9.9,100.87,21
57,59,Jrue Holiday,PG,NO,15.4,3.9,7.3,1.5,0.7,0.454,0.356,0.708,13.3,1.5,4.2,4.6,9.1,0.498,0.51,1.8,2.5,0.7,3.3,2.9,2,67,32.7,0.64,1.18,1.82,6.89,12.1,100.12,32
58,60,Jeff Teague,PG,IND,15.3,4,7.8,1.2,0.4,0.442,0.357,0.867,11.1,1.1,3.1,3.8,8,0.475,0.492,4.4,5.1,0.4,3.6,2.6,2,82,32.4,1.86,-0.22,1.64,8.08,13.1,98.98,42
59,61,Nicolas Batum,SG,CHA,15.1,6.2,5.9,1.1,0.4,0.403,0.333,0.856,12.7,1.8,5.3,3.4,7.4,0.453,0.472,3.2,3.7,0.6,5.6,2.5,1.4,77,34,1.3,-0.35,0.95,6.73,11.8,98.76,35
60,63,Gary Harris,SG,DEN,14.9,3.1,2.9,1.2,0.1,0.502,0.42,0.776,11.2,1.9,4.5,3.7,6.7,0.558,0.586,1.8,2.4,0.8,2.3,1.3,1.6,57,31.3,2.88,-2.37,0.51,4.29,9.1,100.41,29
61,64,Serge Ibaka,PF,ORL/TOR,14.8,6.8,0.9,0.5,1.6,0.48,0.391,0.856,12.4,1.6,4,4.4,8.4,0.522,0.543,1.4,1.6,1.6,5.2,1.3,2.7,79,30.7,-0.51,1.08,0.57,5.7,10.6,97.87,37
62,65,Jordan Clarkson,SG,LAL,14.7,3,2.6,1.1,0.1,0.445,0.329,0.798,13.1,1.4,4.3,4.4,8.7,0.503,0.5,1.6,2,0.6,2.4,2,1.8,82,29.2,-0.63,-3.39,-4.02,-1.4,8.4,101.34,26
63,66,Khris Middleton,SF,MIL,14.7,4.2,3.4,1.4,0.2,0.45,0.433,0.88,11.5,1.6,3.6,3.6,7.9,0.459,0.518,2.8,3.2,0.4,3.9,2.2,2.7,29,30.7,0.14,1.26,1.4,2.44,10.4,94.63,19
64,67,Nikola Vucevic,C,ORL,14.6,10.4,2.8,1,1,0.468,0.307,0.669,13.7,0.3,1,6.1,12.7,0.481,0.48,1.4,2.1,2.3,8,1.6,2.4,75,28.8,-1.38,2.15,0.77,5.44,14.2,100.74,27
65,69,Reggie Jackson,PG,DET,14.5,2.2,5.2,0.7,0.1,0.419,0.359,0.868,13,1.3,3.5,4.2,9.5,0.442,0.468,2.3,2.6,0.4,1.8,2.2,2.5,52,27.4,-0.59,-2.94,-3.53,-0.36,9.2,96.85,23
66,70,Jeremy Lin,PG,BKN,14.5,3.8,5.1,1.2,0.4,0.438,0.372,0.816,11.1,1.6,4.3,3.3,6.8,0.48,0.51,3.2,3.9,0.3,3.4,2.4,2.2,36,24.5,0.48,-0.03,0.45,2.21,13.1,106.86,13
67,71,Myles Turner,C,IND,14.5,7.3,1.3,0.9,2.1,0.511,0.348,0.809,10.7,0.5,1.4,5,9.3,0.536,0.534,3,3.7,1.7,5.6,1.3,3.2,81,31.4,0.09,2.57,2.66,9.31,11.2,98.5,42
68,73,Enes Kanter,C,OKC,14.3,6.7,0.9,0.4,0.5,0.545,0.132,0.786,10.2,0.1,0.5,5.5,9.7,0.568,0.549,3.1,4,2.7,4,1.7,2.1,72,21.3,0.56,-1.24,-0.68,2.4,15.4,99.17,43
69,74,Dirk Nowitzki,PF,DAL,14.2,6.5,1.5,0.6,0.7,0.437,0.378,0.875,12.6,1.5,3.9,4,8.7,0.463,0.495,1.8,2.1,0.4,6.1,0.9,2.1,54,26.4,-0.38,0.64,0.26,3.02,12.4,96.06,23
70,75,Jordan Crawford,SG,NO,14.1,1.8,3,0.6,0.1,0.482,0.389,0.769,11.5,1.9,5,3.6,6.5,0.553,0.567,1.1,1.4,0.2,1.6,1.3,1.6,19,23.3,0.82,-2.48,-1.66,0.38,10.2,98.47,9
71,76,Zach Randolph,PF,MEM,14.1,8.2,1.7,0.5,0.1,0.449,0.223,0.731,13.2,0.3,1.3,5.6,11.9,0.474,0.46,1.9,2.6,2.5,5.7,1.4,1.9,73,24.5,-0.37,-1.05,-1.42,1.83,15.2,94.36,38
72,77,Rudy Gobert,C,UTAH,14,12.8,1.2,0.6,2.6,0.661,0,0.653,7.7,0,0,5.1,7.7,0.662,0.661,3.8,5.9,3.9,8.9,1.8,3,81,33.9,0.35,6.02,6.37,15.55,16.1,93.11,51
73,78,Al Horford,C,BOS,14,6.8,5,0.8,1.3,0.473,0.355,0.8,11.8,1.3,3.6,4.3,8.2,0.524,0.527,1.6,2,1.4,5.4,1.7,2,68,32.3,0.76,1.06,1.82,6.93,12.5,98.96,46
74,79,Marcus Morris,SF,DET,14,4.6,2,0.7,0.3,0.418,0.331,0.784,12.7,1.5,4.5,3.8,8.2,0.466,0.477,1.8,2.3,1,3.7,1.1,2.1,79,32.5,-0.11,0.63,0.52,5.85,8,97.01,36
75,80,Markieff Morris,PF,WSH,14,6.5,1.7,1.1,0.6,0.457,0.362,0.837,11.7,0.9,2.6,4.4,9.1,0.483,0.497,2.4,2.8,1.4,5.1,1.7,3.3,76,31.2,-0.55,2.41,1.86,7.61,8.9,100.12,45
76,81,Jae Crowder,SF,BOS,13.9,5.8,2.2,1,0.3,0.463,0.398,0.811,10,2.2,5.5,2.4,4.5,0.54,0.572,2.4,3,0.7,5.1,1.1,2.2,72,32.4,2.2,1.69,3.89,10.52,10.3,99.94,48
77,82,Kentavious Caldwell Pope,SG,DET,13.8,3.3,2.5,1.2,0.2,0.399,0.35,0.832,12.2,2,5.8,2.9,6.5,0.442,0.481,2,2.4,0.7,2.5,1.1,1.6,76,33.3,0.71,-1.31,-0.6,4.02,7.8,97.61,33
78,83,Will Barton,SG,DEN,13.7,4.3,3.4,0.8,0.5,0.443,0.37,0.753,11.1,1.5,3.9,3.5,7.2,0.483,0.508,2.4,3.2,1,3.4,1.6,1.8,60,28.4,0.05,-1.2,-1.15,2.2,10.2,100.14,31
79,84,Bojan Bogdanovic,SF,BKN/WSH,13.7,3.4,1.4,0.4,0.1,0.445,0.367,0.893,10.4,1.8,4.8,2.9,5.6,0.512,0.53,2.7,3,0.5,3,1.6,1.8,81,25.7,-0.46,-3.42,-3.88,-1.04,9.1,102.76,23
80,85,Tyler Johnson,PG,MIA,13.7,4,3.2,1.2,0.6,0.433,0.372,0.768,11.3,1.3,3.4,3.6,7.9,0.46,0.49,2.7,3.5,0.7,3.3,1.2,2.4,73,29.8,0.13,0.18,0.31,4.72,10.8,98.21,35
81,86,Ryan Anderson,PF,HOU,13.6,4.6,0.9,0.4,0.2,0.418,0.403,0.86,10.7,2.8,7,1.7,3.7,0.446,0.55,1.8,2.1,1.6,3,0.8,2,72,29.4,1.63,-0.12,1.51,6.46,7.9,101.8,50
82,87,Andre Drummond,C,DET,13.6,13.8,1.1,1.5,1.1,0.53,0.286,0.386,11.2,0,0.1,5.9,11.2,0.532,0.531,1.7,4.4,4.3,9.5,1.9,2.9,81,29.7,-1.8,1.55,-0.25,4.33,13.6,96.5,36
83,88,Dwight Howard,C,ATL,13.5,12.7,1.4,0.9,1.2,0.633,0,0.533,8.3,0,0,5.2,8.3,0.635,0.633,3.1,5.7,4,8.7,2.3,2.7,74,29.7,-1.7,2.6,0.9,5.65,15.1,99.8,37
84,89,Wesley Matthews,SG,DAL,13.5,3.5,2.9,1.1,0.2,0.393,0.363,0.816,11.6,2.4,6.6,2.2,5,0.432,0.496,2,2.5,0.2,3.3,1.4,2.2,73,34.2,0.09,0.11,0.2,5.06,8.1,94.04,29
85,91,Darren Collison,PG,SAC,13.2,2.2,4.6,1,0.1,0.476,0.417,0.86,10.5,1.1,2.6,3.9,7.9,0.495,0.527,2.2,2.5,0.3,1.9,1.7,1.8,68,30.3,1.06,-1.47,-0.41,3.44,10,96.23,26
86,92,Julius Randle,PF,LAL,13.2,8.6,3.6,0.7,0.5,0.488,0.27,0.723,10.4,0.2,0.9,4.9,9.6,0.507,0.499,2.8,3.8,2,6.6,2.3,3.4,74,28.8,-0.79,-1.03,-1.82,1.83,11.3,100.9,24
87,93,Nick Young,SG,LAL,13.2,2.3,1,0.6,0.2,0.43,0.404,0.856,10.6,2.8,7,1.7,3.5,0.481,0.564,1.3,1.5,0.4,1.9,0.6,2.3,60,25.9,2.28,-1.63,0.65,3.82,7.5,100.59,19
88,94,Ersan Ilyasova,PF,ATL/PHI/OKC,13.1,5.9,1.7,0.7,0.3,0.431,0.353,0.778,10.9,1.7,4.9,3,6,0.496,0.511,2,2.5,1.4,4.5,1.4,2.6,82,26.1,0.98,0.74,1.72,6.83,10.6,101.47,35
89,95,Sean Kilpatrick,SG,BKN,13.1,4,2.2,0.6,0.1,0.415,0.341,0.843,10.5,1.5,4.4,2.9,6.1,0.468,0.486,2.9,3.5,0.3,3.7,1.9,1.7,70,25.1,-0.07,-2.36,-2.43,0.81,9.9,103.54,14
90,96,Robert Covington,SF,PHI,12.9,6.5,1.5,1.9,1,0.399,0.333,0.822,10.9,2,6.1,2.3,4.8,0.484,0.492,2.1,2.6,1.4,5.1,2,3,67,31.6,-0.77,4.32,3.55,9.23,9.1,101.81,27
91,97,Seth Curry,PG,DAL,12.8,2.6,2.7,1.1,0.1,0.481,0.425,0.85,10,2,4.6,2.9,5.4,0.528,0.578,1.2,1.4,0.4,2.2,1.3,1.8,70,29,0.52,0.01,0.53,4.51,10.3,93.53,30
92,98,James Johnson,PF,MIA,12.8,4.9,3.6,1,1.1,0.479,0.34,0.707,10.1,1.1,3.4,3.7,6.8,0.548,0.535,2,2.8,0.9,4.1,2.3,2.6,76,27.4,0.42,1.94,2.36,7.31,12,98.7,40
93,99,Elfrid Payton,PG,ORL,12.8,4.7,6.5,1.1,0.5,0.471,0.274,0.692,11.1,0.5,1.8,4.8,9.3,0.509,0.493,1.8,2.6,1.1,3.6,2.2,2.2,82,29.4,1.12,-0.78,0.34,5.38,11.7,100.23,29
94,100,Dario Saric,PF,PHI,12.8,6.3,2.2,0.7,0.4,0.411,0.311,0.782,11.4,1.3,4.2,3.4,7.2,0.469,0.468,2.1,2.7,1.4,5,2.3,2,81,26.3,-1.25,-0.62,-1.87,1.74,10.3,101.53,28
95,101,Aaron Gordon,SF,ORL,12.7,5.1,1.9,0.8,0.5,0.454,0.288,0.719,10.8,1,3.3,4,7.5,0.528,0.499,2,2.7,1.5,3.6,1.1,2.2,80,28.7,1.25,-0.78,0.47,5.32,8.8,99.7,29
96,102,Rodney Hood,SG,UTAH,12.7,3.4,1.6,0.6,0.2,0.408,0.371,0.783,11.3,1.9,5.2,2.7,6.1,0.44,0.494,1.5,1.9,0.3,3.2,1.1,2.2,59,27,-0.26,-0.51,-0.77,2.23,8.6,93.25,40
97,103,DeAndre Jordan,C,LAC,12.7,13.8,1.2,0.6,1.7,0.714,0,0.482,7.1,0,0,5.1,7.1,0.717,0.714,2.5,5.2,3.7,10.1,1.4,2.6,81,31.7,1.11,3.44,4.55,12.59,15,98.43,51
98,104,Clint Capela,C,HOU,12.6,8.1,1,0.5,1.2,0.643,,0.531,8.7,0,0,5.6,8.7,0.643,0.643,1.4,2.7,2.7,5.4,1.3,2.8,65,23.9,-1.47,1.12,-0.35,2.82,13,101.19,44
99,105,Pau Gasol,C,SA,12.4,7.8,2.3,0.4,1.1,0.502,0.538,0.707,9.4,0.9,1.6,3.9,7.8,0.494,0.548,2,2.9,1.7,6.2,1.3,1.7,64,25.4,0.86,1.49,2.35,5.48,14.3,95.48,47
100,106,Jamal Crawford,SG,LAC,12.3,1.6,2.6,0.7,0.2,0.413,0.36,0.857,10.6,1.4,3.9,3,6.7,0.443,0.479,2.1,2.5,0.2,1.4,1.6,1.4,82,26.3,-0.06,-3.18,-3.24,-0.16,7.9,98.53,51
101,107,Austin Rivers,SG,LAC,12,2.2,2.8,0.6,0.1,0.442,0.371,0.691,9.9,1.5,4,2.9,5.8,0.491,0.518,1.8,2.6,0.3,1.9,1.6,2.5,74,27.8,-0.17,-1.73,-1.9,1.62,6.9,98.18,43
102,108,Jonas Valanciunas,C,TOR,12,9.5,0.7,0.5,0.8,0.557,0.5,0.811,8.8,0,0,4.9,8.8,0.557,0.558,2.2,2.7,2.8,6.7,1.3,2.7,80,25.8,-0.74,0.75,0.01,4.06,13.6,96.61,50
103,109,Jahlil Okafor,C,PHI,11.8,4.8,1.2,0.4,1,0.514,,0.671,9.4,0,0,4.8,9.4,0.514,0.514,2.1,3.2,1.6,3.2,1.8,2.4,50,22.7,-4.43,-1.26,-5.69,-1.85,9.7,98.93,15
104,110,Trevor Ariza,SF,HOU,11.7,5.7,2.2,1.8,0.3,0.409,0.344,0.738,10,2.4,6.9,1.7,3,0.556,0.528,1.2,1.6,0.7,5.1,0.9,1.7,80,34.7,0.86,1.07,1.93,9.29,8.5,102.78,53
105,111,Frank Kaminsky,C,CHA,11.7,4.5,2.2,0.6,0.5,0.399,0.328,0.756,10.7,1.5,4.7,2.7,6,0.455,0.471,1.6,2.1,0.8,3.7,1,1.9,75,26.1,0.96,-0.51,0.45,4.4,8.5,98.15,31
106,112,Greg Monroe,C,MIL,11.7,6.6,2.3,1.1,0.5,0.533,0,0.741,9,0,0,4.8,8.9,0.536,0.533,2.2,3,2.1,4.5,1.7,2.1,81,22.5,1.08,0.47,1.55,5.34,13.9,96.98,42
107,113,Steven Adams,C,OKC,11.3,7.7,1.1,1.1,1,0.571,0,0.611,8.2,0,0,4.7,8.2,0.572,0.571,2,3.2,3.5,4.2,1.8,2.4,80,29.9,-0.3,1.68,1.38,7.01,9.7,101.16,47
108,114,Marvin Williams,PF,CHA,11.2,6.6,1.4,0.8,0.7,0.422,0.35,0.873,9.3,1.6,4.7,2.3,4.6,0.494,0.51,1.7,2,1.2,5.4,0.8,1.8,76,30.2,-0.02,-0.07,-0.09,4.36,9.6,97.82,32
109,115,Ricky Rubio,PG,MIN,11.1,4.1,9.1,1.7,0.1,0.402,0.306,0.891,8.7,0.8,2.6,2.7,6.1,0.443,0.448,3.4,3.8,0.9,3.2,2.6,2.7,75,32.9,1.73,0.76,2.49,8.72,11.4,97.07,28
110,116,Jerryd Bayless,PG,PHI,11,4,4.3,0,0,0.344,0.4,0.9,10.7,0.7,1.7,3,9,0.333,0.375,3,3.3,1,3,3,1.3,3,23.7,-2.23,-0.47,-2.7,0.02,9.7,97.84,1
111,117,Kent Bazemore,SF,ATL,11,3.2,2.4,1.2,0.7,0.409,0.346,0.708,9.9,1.3,3.6,2.8,6.2,0.446,0.473,1.6,2.3,0.6,2.5,1.7,2.3,73,26.9,-0.69,-0.5,-1.19,2.41,7.4,100.37,39
112,118,Brandon Knight,SG,PHX,11,2.2,2.4,0.5,0.1,0.398,0.324,0.857,9.7,0.8,2.6,3,7.1,0.425,0.441,2.4,2.9,0.5,1.7,1.6,1.6,54,21.1,-2.24,-3.08,-5.32,-1.63,8.8,102.73,16
113,119,Emmanuel Mudiay,PG,DEN,11,3.2,3.9,0.7,0.2,0.377,0.315,0.784,10,1,3.2,2.8,6.8,0.408,0.428,2.4,3,0.5,2.7,2.2,1.7,55,25.6,-1.52,-2.38,-3.9,-0.71,7.4,101.93,25
114,120,Terrence Ross,SF,ORL/TOR,11,2.6,1.1,1.1,0.4,0.437,0.363,0.831,9.6,1.8,5,2.4,4.6,0.518,0.532,0.8,1,0.2,2.4,0.9,1.8,78,25.1,1.36,-1.23,0.13,4.06,7.8,99.82,39
115,121,Deron Williams,PG,CLE/DAL,11,2.3,5.6,0.5,0.1,0.438,0.363,0.826,9.4,1.3,3.7,2.8,5.7,0.486,0.509,1.4,1.7,0.2,2.1,2.2,2.2,64,25.9,0.69,-0.91,-0.22,2.95,10,94.28,25
116,122,Thaddeus Young,PF,IND,11,6.1,1.6,1.5,0.4,0.527,0.381,0.523,9.3,0.6,1.6,4.3,7.7,0.557,0.56,0.6,1.2,1.8,4.3,1.3,1.8,74,30.2,-1.09,1.94,0.85,5.66,9.7,98.97,40
117,123,JJ Barea,PG,DAL,10.9,2.4,5.5,0.4,0,0.414,0.358,0.863,9.8,1.5,4.2,2.5,5.6,0.456,0.491,1.3,1.5,0.3,2.1,1.8,0.9,35,22,0.15,-1.57,-1.42,0.8,13.4,95.14,11
118,124,Justise Winslow,SF,MIA,10.9,5.2,3.7,1.4,0.3,0.356,0.2,0.617,12.5,0.4,1.9,4.1,10.6,0.384,0.371,1.6,2.6,1.3,3.9,1.8,2.9,18,34.7,-4.08,0.16,-3.92,-0.31,5.9,97.53,4
119,125,Taj Gibson,PF,CHI/OKC,10.8,6.2,0.9,0.5,0.8,0.515,0.231,0.715,9.1,0,0.2,4.6,8.9,0.52,0.517,1.4,2,2,4.2,1.3,2.1,78,25.5,-1.76,2.02,0.26,4.29,9.7,98.39,41
120,126,Marcin Gortat,C,WSH,10.8,10.4,1.5,0.5,0.7,0.579,0,0.648,8.2,0,0,4.8,8.2,0.58,0.579,1.3,1.9,2.9,7.5,1.5,2.6,82,31.2,-1.25,1.18,-0.07,5.01,10.9,99.85,49
121,127,Terrence Jones,PF,NO/MIL,10.8,5.7,1.1,0.7,1,0.47,0.253,0.606,9.1,0.4,1.4,3.9,7.7,0.508,0.489,1.9,3.1,1.2,4.5,0.9,1.2,54,23.5,-1.38,-0.72,-2.1,0.84,11,99.53,20
122,128,Courtney Lee,SG,NY,10.8,3.4,2.3,1.1,0.3,0.456,0.401,0.867,9.1,1.4,3.5,2.8,5.6,0.49,0.533,1.1,1.3,0.7,2.7,0.9,1.8,77,31.9,0.58,-1.51,-0.93,3.4,7.7,97.86,29
123,129,Allen Crabbe,SG,POR,10.7,2.9,1.2,0.7,0.3,0.468,0.444,0.847,8.2,1.7,3.8,2.1,4.4,0.49,0.572,1.3,1.6,0.2,2.6,0.8,2.2,79,28.5,0.22,-2.87,-2.65,0.68,7.4,99.95,39
124,131,Alex Poythress,PF,PHI,10.7,4.8,0.8,0.5,0.3,0.463,0.316,0.8,9,1,3.2,3.2,5.8,0.543,0.519,1.3,1.7,1.8,3,0.5,2.3,6,26.2,-1.91,-0.47,-2.38,0.07,7.9,99.21,0
125,132,Buddy Hield,SG,NO/SAC,10.6,3.3,1.5,0.5,0.1,0.426,0.391,0.842,9.4,1.8,4.6,2.2,4.7,0.461,0.523,0.8,0.9,0.4,2.9,1.2,1.4,82,23,-0.92,-2.28,-3.2,-0.09,8.4,98.9,31
126,133,Nikola Mirotic,PF,CHI,10.6,5.5,1.1,0.8,0.8,0.413,0.342,0.773,8.9,1.8,5.4,1.8,3.5,0.52,0.516,1.4,1.8,0.9,4.6,1.1,1.8,70,24,0.92,1.31,2.23,5.69,10.4,97.95,37
127,134,Marcus Smart,SG,BOS,10.6,3.9,4.6,1.6,0.4,0.359,0.283,0.812,9.5,1.2,4.2,2.2,5.3,0.42,0.422,2.6,3.2,1,2.9,2,2.4,79,30.4,0.26,0.49,0.75,5.98,8.1,100.29,51
128,135,Marco Belinelli,SG,CHA,10.5,2.4,2,0.6,0.1,0.429,0.36,0.893,8.3,1.4,3.8,2.2,4.5,0.488,0.512,2,2.3,0.2,2.2,0.9,1.2,74,24,0.67,-1.87,-1.2,2.15,8.8,97.98,34
129,136,Wayne Ellington,SG,MIA,10.5,2.1,1.1,0.6,0.1,0.416,0.378,0.86,9,2.4,6.4,1.3,2.6,0.509,0.55,0.6,0.7,0.3,1.8,0.5,1.1,62,24.2,2.26,-1.6,0.66,3.58,8.2,97.3,35
130,137,Robin Lopez,C,CHI,10.4,6.4,1,0.2,1.4,0.493,0,0.721,9.6,0,0,4.7,9.5,0.494,0.493,0.9,1.3,3,3.4,1.1,1.9,81,28,-2.07,0.63,-1.44,2.42,8.3,97.27,40
131,138,Mason Plumlee,C,DEN/POR,10.4,7.5,3.5,0.9,1.1,0.536,0,0.58,7.7,0,0.1,4.1,7.6,0.541,0.536,2.1,3.7,2.1,5.4,1.7,2.8,81,26.5,0.71,0.22,0.93,5.6,11.2,99.06,38
132,139,Tyreke Evans,SF,NO/SAC,10.3,3.4,3.1,0.9,0.2,0.405,0.356,0.75,9.3,1.1,3,2.7,6.3,0.429,0.462,1.7,2.3,0.3,3.1,1.5,1.5,40,19.7,-1.52,0.02,-1.5,0.81,11.8,98.53,17
133,140,Cody Zeller,PF,CHA,10.3,6.5,1.6,1,0.9,0.571,0,0.679,7.1,0,0,4.1,7.1,0.572,0.571,2.1,3.2,2.2,4.4,1,3,62,27.8,-0.07,3.42,3.35,6.97,9.6,97.57,33
134,141,Malcolm Brogdon,SG,MIL,10.2,2.8,4.2,1.1,0.2,0.457,0.404,0.865,8.5,1,2.6,2.8,5.9,0.48,0.518,1.5,1.7,0.6,2.2,1.5,1.9,75,26.4,1.86,-0.42,1.44,5.66,9.8,96.37,38
135,142,Draymond Green,PF,GS,10.2,7.9,7,2,1.4,0.418,0.308,0.709,8.6,1.1,3.5,2.5,5.1,0.494,0.481,2,2.8,1.3,6.6,2.4,2.9,76,32.5,1.55,5.59,7.14,16.84,11.7,103.34,62
136,143,Jon Leuer,PF,DET,10.2,5.4,1.5,0.4,0.3,0.48,0.293,0.867,8.6,0.7,2.2,3.5,6.4,0.545,0.518,1.3,1.5,1.4,4,0.9,1.9,75,25.9,-1.43,0.58,-0.85,2.78,10,97.11,34
137,144,Jusuf Nurkic,C,DEN/POR,10.2,7.2,1.9,0.8,1.1,0.507,0,0.571,8.2,0,0,4.2,8.2,0.508,0.507,1.8,3.2,2.4,4.8,2.2,2.5,65,21.4,-2.11,2.73,0.62,3.32,11.7,100.65,34
138,145,Josh Richardson,SG,MIA,10.2,3.2,2.6,1.1,0.7,0.394,0.33,0.779,9.7,1.4,4.3,2.4,5.4,0.444,0.467,1.1,1.5,0.7,2.5,1.2,2.5,53,30.5,-1.63,0.06,-1.57,1.57,6.9,97.52,23
139,146,Kyle Korver,SG,ATL/CLE,10.1,2.8,1.6,0.5,0.3,0.464,0.451,0.905,7.7,2.4,5.4,1.1,2.3,0.494,0.621,0.6,0.6,0.1,2.7,1,1.6,67,26.2,-0.15,-2.61,-2.76,0.41,8.1,100,33
140,147,Tony Parker,PG,SA,10.1,1.8,4.5,0.5,0,0.466,0.333,0.726,9,0.4,1.1,3.8,7.9,0.484,0.486,1.3,1.9,0.1,1.7,1.4,1.5,63,25.2,-0.69,-0.97,-1.66,1.42,9.3,93.94,46
141,148,Trevor Booker,PF,BKN,10,8,1.9,1.1,0.4,0.516,0.321,0.673,8.3,0.4,1.1,3.9,7.2,0.546,0.537,1,1.5,2,6,1.8,2.1,71,24.7,-2.29,2,-0.29,3.3,12.7,103.12,18
142,149,Gorgui Dieng,PF,MIN,10,7.9,1.9,1.1,1.2,0.502,0.372,0.814,8.1,0.2,0.5,3.9,7.5,0.511,0.514,1.7,2,2.3,5.6,1.3,3.1,82,32.4,-0.8,3.52,2.72,9.73,9.2,96.76,31
143,150,Yogi Ferrell,PG,DAL/BKN,10,2.4,3.7,0.9,0.2,0.406,0.386,0.831,8.6,1.5,3.8,2,4.7,0.422,0.492,1.6,1.9,0.4,2,1.5,2,46,26,-0.99,-1.21,-2.2,0.39,8.4,95.91,18
144,151,Maurice Harkless,SF,POR,10,4.4,1.1,1.1,0.9,0.503,0.351,0.621,8.1,0.9,2.5,3.2,5.6,0.572,0.558,1,1.6,1.6,2.8,1.1,2.8,77,28.9,0.38,0.49,0.87,5.67,6.9,99.45,38
145,152,Ty Lawson,PG,SAC,9.9,2.6,4.8,1.1,0.1,0.454,0.288,0.797,7.6,0.5,1.7,2.9,5.9,0.502,0.487,2.5,3.1,0.6,2,1.9,1.7,69,25.1,0.49,-1.21,-0.72,2.63,10.6,98.33,25
146,153,Shabazz Muhammad,SF,MIN,9.9,2.8,0.4,0.3,0.1,0.482,0.338,0.774,7.7,0.6,1.9,3.1,5.8,0.528,0.523,1.9,2.4,1.1,1.7,0.7,1.1,78,19.4,-0.56,-3.19,-3.75,-0.6,9.4,97.93,29
147,154,Jamal Murray,SG,DEN,9.9,2.6,2.1,0.6,0.3,0.404,0.334,0.883,8.9,1.4,4.2,2.2,4.7,0.466,0.483,1.3,1.5,0.5,2.1,1.4,1.5,82,21.5,0.06,-1.57,-1.51,1.86,7.8,101.15,40
148,155,Richaun Holmes,C,PHI,9.8,5.5,1,0.7,1,0.558,0.351,0.699,7.2,0.5,1.4,3.6,5.9,0.606,0.591,1.3,1.8,1.6,3.8,1,2.4,57,20.9,-0.32,-0.18,-0.5,2.01,11.6,100.79,16
149,156,Jeremy Lamb,SG,CHA,9.7,4.3,1.2,0.4,0.4,0.46,0.281,0.853,7.9,0.7,2.4,3,5.6,0.536,0.502,1.8,2.1,0.5,3.8,0.6,1.6,62,18.4,0.04,-1.32,-1.28,1.31,12.4,95.9,27
150,157,Kenneth Faried,PF,DEN,9.6,7.6,0.9,0.7,0.7,0.548,0,0.693,6.8,0,0.1,3.7,6.7,0.556,0.548,2.1,3.1,3,4.6,1,2,61,21.2,-0.07,-1.55,-1.62,1.27,12.4,100.81,29
151,158,ETwaun Moore,SG,NO,9.6,2.1,2.2,0.7,0.4,0.457,0.37,0.77,8.5,1.1,2.8,2.8,5.6,0.501,0.519,0.8,1,0.5,1.6,0.8,1.8,73,24.9,-0.24,-1.58,-1.82,1.5,7.3,100.16,32
152,159,Patrick Beverley,SG,HOU,9.5,5.9,4.2,1.5,0.4,0.42,0.382,0.768,8.1,1.6,4.3,1.8,3.8,0.463,0.521,1.1,1.4,1.4,4.4,1.5,3.3,67,30.7,1.11,1.37,2.48,7.56,8.5,101.61,46
153,160,Derrick Favors,PF,UTAH,9.5,6.1,1.1,0.9,0.8,0.487,0.3,0.615,8.3,0.1,0.2,4,8.1,0.491,0.49,1.3,2.2,1.8,4.3,1.2,2.1,50,23.7,-2.76,2.06,-0.7,1.73,10.8,92.72,33
154,161,Patty Mills,PG,SA,9.5,1.8,3.5,0.8,0,0.44,0.414,0.825,7.8,1.8,4.4,1.6,3.3,0.474,0.558,0.8,1,0.3,1.5,1.3,1.4,80,21.9,2.53,-1.26,1.27,4.86,10,98.97,60
155,162,Nik Stauskas,SG,PHI,9.5,2.8,2.4,0.6,0.4,0.396,0.368,0.813,7.9,1.7,4.5,1.5,3.4,0.433,0.5,1.5,1.9,0.3,2.6,1.6,1.8,80,27.4,-0.32,-2.25,-2.57,0.78,6.7,100.28,27
156,163,Michael Beasley,PF,MIL,9.4,3.4,0.9,0.5,0.5,0.532,0.419,0.743,7.3,0.3,0.8,3.5,6.5,0.545,0.554,1.4,1.9,0.7,2.7,1.2,1.6,56,16.7,-1.7,-0.61,-2.31,0.48,11.6,97.91,23
157,164,Brandon Ingram,SF,LAL,9.4,4,2.1,0.6,0.5,0.402,0.294,0.621,8.7,0.7,2.4,2.8,6.3,0.443,0.442,1.7,2.7,0.8,3.2,1.5,2,79,28.8,-1.76,-2.93,-4.69,-2.32,5.5,100.45,26
158,165,Ish Smith,PG,DET,9.4,2.9,5.2,0.8,0.4,0.439,0.267,0.706,9.2,0.3,1.3,3.7,8,0.467,0.458,0.9,1.3,0.3,2.6,1.4,1.6,81,24.1,0.28,0.25,0.53,4.48,10.7,97.62,37
159,166,Cory Joseph,PG,TOR,9.3,2.9,3.3,0.8,0.2,0.452,0.356,0.77,8.3,0.6,1.7,3.1,6.6,0.477,0.489,1.2,1.5,0.6,2.3,1.4,1.8,80,25,-0.5,-1.94,-2.44,0.86,8.9,97.43,49
160,167,Marquese Chriss,PF,PHX,9.2,4.2,0.7,0.8,0.9,0.449,0.321,0.624,7.7,0.9,2.7,2.6,5,0.52,0.506,1.4,2.2,1.2,3.1,1.3,3.2,82,21.3,-1.96,-1.82,-3.78,-0.76,6.3,103.56,24
161,168,Jeff Green,PF,ORL,9.2,3.1,1.2,0.5,0.2,0.394,0.275,0.863,8.1,0.8,2.8,2.4,5.3,0.458,0.442,2.1,2.4,0.6,2.5,1.1,1.5,69,22.2,-2.03,-1.31,-3.34,-0.21,7.7,98.84,26
162,169,Gerald Henderson,SG,PHI,9.2,2.6,1.6,0.6,0.2,0.423,0.353,0.806,7.7,0.8,2.4,2.4,5.3,0.455,0.478,1.8,2.3,0.5,2.1,0.9,1.8,72,23.2,-1.51,-2.42,-3.93,-0.87,7.3,100.88,24
163,170,Joe Johnson,SF,UTAH,9.2,3.1,1.8,0.5,0.2,0.436,0.411,0.818,8,1.4,3.3,2.1,4.7,0.454,0.521,0.8,1,0.4,2.7,0.9,1.2,78,23.6,0.79,-1.56,-0.77,2.58,9.5,93.26,47
164,171,Michael Kidd Gilchrist,SF,CHA,9.2,7,1.4,1,1,0.477,0.111,0.784,7.6,0,0.1,3.6,7.5,0.483,0.478,1.9,2.4,1.9,5,0.7,2.3,81,29,-1.97,2.47,0.5,5.31,9.3,97.79,36
165,172,Jameer Nelson,PG,DEN,9.2,2.6,5.1,0.7,0.1,0.444,0.388,0.714,8.1,1.4,3.6,2.2,4.4,0.489,0.531,0.6,0.8,0.4,2.2,1.7,2.6,75,27.3,0.45,-0.44,0.01,4.17,7.5,100.06,34
166,173,Tony Allen,SG,MEM,9.1,5.5,1.4,1.6,0.4,0.461,0.278,0.615,8.4,0.2,0.8,3.6,7.6,0.479,0.473,1.1,1.8,2.3,3.2,1.4,2.5,71,27,-2.03,2.15,0.12,3.76,8,93.85,36
167,174,Channing Frye,C,CLE,9.1,3.9,0.6,0.4,0.5,0.458,0.409,0.851,7,1.9,4.5,1.4,2.5,0.546,0.589,0.9,1,0.5,3.4,0.7,1.9,74,18.9,1.62,-0.58,1.04,3.7,10.1,98.14,44
168,175,Montrezl Harrell,C,HOU,9.1,3.8,1.1,0.3,0.7,0.652,0.143,0.628,5.9,0,0.1,3.9,5.8,0.663,0.654,1.3,2.1,1.4,2.4,0.8,2.2,58,18.3,-0.39,-0.6,-0.99,1.5,10.8,102.52,39
169,177,Jodie Meeks,SG,ORL,9.1,2.1,1.3,0.9,0.1,0.402,0.409,0.878,7.1,1.6,3.8,1.3,3.3,0.395,0.512,1.8,2.1,0.1,2,1,1.1,36,20.5,-0.05,-1.6,-1.65,0.7,8.1,100.24,14
170,178,Dahntay Jones,SF,CLE,9,2,1,0,0,0.375,0,0.75,8,0,2,3,6,0.5,0.375,3,4,1,1,1,1,1,12,-1.68,-0.38,-2.06,0.01,7.6,85.92,0
171,179,Doug McDermott,SF,CHI/OKC,9,2.7,0.9,0.2,0.1,0.447,0.37,0.845,7.5,1.2,3.2,2.2,4.4,0.502,0.524,1.1,1.3,0.3,2.4,0.6,1.2,66,22.8,-0.61,-3.92,-4.53,-1.33,7.7,97.63,35
172,180,Kelly Olynyk,C,BOS,9,4.8,2,0.6,0.4,0.512,0.354,0.732,6.8,0.9,2.6,2.6,4.2,0.608,0.579,1.2,1.6,1,3.8,1.3,2.8,75,20.5,-0.31,0.81,0.5,3.54,11,99.85,49
173,181,Evan Turner,SF,POR,9,3.8,3.2,0.8,0.4,0.426,0.263,0.825,8.5,0.5,1.8,3.1,6.7,0.47,0.454,1.3,1.6,0.6,3.2,1.5,1.9,65,25.5,-3.04,0.15,-2.89,0.25,8.8,99.29,34
174,182,DeMarre Carroll,SF,TOR,8.9,3.8,1,1.1,0.4,0.4,0.341,0.761,7.6,1.5,4.4,1.5,3.2,0.483,0.499,1.2,1.6,0.9,2.9,0.8,2,72,26.1,0,0.83,0.83,4.66,7.1,96.82,44
175,183,JaMychal Green,PF,MEM,8.9,7.1,1.1,0.6,0.4,0.5,0.379,0.802,6.5,0.7,1.9,2.5,4.6,0.549,0.555,1.7,2.2,2.2,4.9,1.2,3.2,77,27.3,-0.41,0.39,-0.02,3.94,9.3,94.31,40
176,184,Skal Labissiere,PF,SAC,8.8,4.9,0.8,0.5,0.4,0.537,0.375,0.703,6.6,0.1,0.2,3.5,6.4,0.543,0.544,1.6,2.2,1.5,3.4,1.1,1.9,33,18.5,-1.93,-0.04,-1.97,0.45,10.6,97.78,9
177,185,Al Farouq Aminu,SF,POR,8.7,7.4,1.6,1,0.7,0.393,0.33,0.706,7.6,1.1,3.5,1.9,4.2,0.445,0.468,1.6,2.2,1.3,6.1,1.5,1.7,61,29.1,-1.86,3.13,1.27,4.86,9.2,98.38,33
178,186,Rondae Hollis Jefferson,SF,BKN,8.7,5.8,2,1.1,0.6,0.434,0.224,0.751,6.9,0.2,0.9,2.8,6.1,0.463,0.447,2.4,3.2,1.2,4.6,1.5,2.3,78,22.6,-2.16,1.78,-0.38,3.29,9.8,104.94,19
179,187,Nerlens Noel,C,DAL/PHI,8.7,5.8,1,1.3,1,0.595,0,0.694,6.1,0,0,3.6,6,0.597,0.595,1.5,2.2,1.8,3.9,1,2.5,51,20.5,-1.33,2.58,1.25,2.95,12.7,98.69,24
180,188,Marreese Speights,C,LAC,8.7,4.5,0.8,0.3,0.5,0.445,0.372,0.876,6.7,1.3,3.4,1.7,3.3,0.52,0.539,1.5,1.7,1.1,3.5,0.8,2.8,82,15.7,0.67,0.69,1.36,3.66,11.4,97.43,51
181,190,Monta Ellis,SG,IND,8.5,2.8,3.2,1.1,0.4,0.443,0.319,0.727,7.5,0.6,1.8,2.8,5.7,0.483,0.482,1.3,1.7,0.3,2.5,1.8,2,74,27,-1.32,-1.64,-2.96,0.21,6.9,98.1,39
182,191,Tony Snell,SG,MIL,8.5,3.1,1.2,0.7,0.2,0.455,0.406,0.81,6.8,1.8,4.4,1.3,2.3,0.548,0.588,0.6,0.7,0.3,2.8,0.7,1.6,80,29.2,-0.02,-0.85,-0.87,3.29,6.5,96.85,42
183,192,Arron Afflalo,SG,SAC,8.4,2,1.3,0.3,0.1,0.44,0.411,0.892,6.9,1,2.5,2,4.4,0.457,0.514,1.4,1.5,0.1,1.9,0.7,1.7,61,25.9,-1.43,-2.85,-4.28,-1.12,5.8,96.17,23
184,193,Tyson Chandler,C,PHX,8.4,11.5,0.6,0.7,0.5,0.671,,0.734,4.9,0,0,3.3,4.9,0.671,0.671,1.9,2.6,3.3,8.2,1.4,2.7,47,27.6,-1.06,2.2,1.14,3.55,13.1,101.88,15
185,194,Norman Powell,SG,TOR,8.4,2.2,1.1,0.7,0.2,0.449,0.324,0.792,6.7,0.7,2.3,2.3,4.4,0.514,0.504,1.7,2.1,0.3,1.9,0.9,1.7,76,18,-0.24,-1.01,-1.25,1.63,8.7,97.93,47
186,195,Troy Daniels,SG,MEM,8.2,1.5,0.7,0.3,0.1,0.374,0.389,0.796,7.4,2.1,5.3,0.7,2.1,0.336,0.513,0.6,0.8,0.3,1.2,0.7,1.3,67,17.7,-0.02,-2.1,-2.12,0.72,6.5,95.85,33
187,196,Joe Harris,SG,BKN,8.2,2.8,1,0.6,0.2,0.425,0.385,0.714,7,1.6,4.3,1.3,2.7,0.489,0.543,0.7,0.9,0.3,2.5,1.1,2.3,52,21.9,-2.46,-1.73,-4.19,-0.82,6.1,105.53,10
188,197,Willy Hernangomez,C,NY,8.2,7,1.3,0.6,0.5,0.529,0.267,0.728,6.5,0.1,0.2,3.4,6.3,0.538,0.533,1.3,1.7,2.4,4.6,1.4,2.1,72,18.4,-0.75,0.4,-0.35,2.37,13.3,99.12,27
189,198,Caris LeVert,SF,BKN,8.2,3.3,1.9,0.9,0.1,0.45,0.321,0.72,6.7,1,3.2,2,3.4,0.571,0.528,1.2,1.6,0.4,2.9,1,1.6,57,21.7,-0.46,-0.84,-1.3,1.53,8.6,104.52,15
190,199,Shawn Long,C,PHI,8.2,4.7,0.7,0.5,0.5,0.56,0.368,0.543,6.1,0.4,1.1,3,5,0.6,0.592,1.1,1.9,2.3,2.4,0.7,2.7,18,13,-0.31,0.3,-0.01,0.47,12.8,101.37,5
191,200,Willie Cauley Stein,C,SAC,8.1,4.5,1.1,0.7,0.6,0.53,0,0.669,6.4,0,0,3.4,6.4,0.532,0.53,1.3,2,1.1,3.4,0.9,2,75,18.9,-2.07,0.9,-1.17,1.72,10.6,96.91,29
192,201,Al Jefferson,C,IND,8.1,4.2,0.9,0.3,0.2,0.499,0,0.765,7.1,0,0,3.6,7.1,0.5,0.499,1,1.3,1.1,3.1,0.5,1.9,66,14.1,-1,-0.45,-1.45,0.98,13.3,96.89,33
193,202,Ben McLemore,SG,SAC,8.1,2.1,0.8,0.5,0.1,0.43,0.382,0.753,6.9,1.1,2.8,1.9,4.1,0.462,0.507,1.1,1.5,0.3,1.8,1,1.8,61,19.3,-2.88,-1.58,-4.46,-0.99,6,97.04,27
194,203,Tristan Thompson,C,CLE,8.1,9.2,1,0.5,1.1,0.6,0,0.498,5.6,0,0,3.4,5.6,0.604,0.6,1.4,2.7,3.7,5.5,0.8,2.3,78,29.9,-1.31,1.31,0,4.62,8.9,98.28,50
195,204,Vince Carter,SF,MEM,8,3.1,1.8,0.8,0.5,0.394,0.378,0.765,6.7,1.5,4.1,1.1,2.7,0.418,0.508,1.2,1.6,0.5,2.6,0.7,2.2,73,24.7,1.36,-0.06,1.3,4.81,7.8,95.02,36
196,205,Alex Len,C,PHX,8,6.6,0.6,0.5,1.3,0.497,0.25,0.721,6,0,0.2,2.9,5.9,0.503,0.5,1.9,2.7,2,4.6,1.3,3.1,77,20.3,-3.62,1.28,-2.34,0.81,9.5,103.52,21
197,206,DJ Augustin,PG,ORL,7.9,1.5,2.7,0.4,0,0.377,0.347,0.814,6.6,1.2,3.5,1.3,3.1,0.412,0.469,1.7,2.1,0.2,1.3,1.2,1.3,78,19.7,-1.53,-3.4,-4.93,-1.74,8,97.4,29
198,207,Langston Galloway,PG,NO/SAC,7.9,2.1,1.3,0.6,0.1,0.38,0.39,0.797,7.4,1.6,4.2,1.2,3.2,0.367,0.49,0.7,0.9,0.4,1.7,0.6,1.3,74,20.2,0.1,-1.65,-1.55,1.46,6.7,99.48,29
199,208,Shelvin Mack,PG,UTAH,7.8,2.3,2.8,0.8,0.1,0.446,0.308,0.688,6.9,0.7,2.2,2.4,4.7,0.51,0.495,1,1.4,0.4,1.9,1.6,1.8,55,21.9,-1.51,-1.28,-2.79,0.25,7.9,93.44,34
200,209,Sergio Rodriguez,PG,PHI,7.8,2.3,5.1,0.7,0.1,0.392,0.365,0.667,7.9,1.4,3.7,1.7,4.2,0.415,0.478,0.3,0.4,0.3,2,1.9,1.4,68,22.3,-0.66,-2.11,-2.77,0.35,9.4,99.81,24
201,210,Rajon Rondo,PG,CHI,7.8,5.1,6.7,1.4,0.2,0.408,0.376,0.6,8.1,0.7,1.9,2.6,6.2,0.418,0.453,0.4,0.7,1.1,4.1,2.4,2.1,69,26.7,-1.35,-0.49,-1.84,1.51,10.6,97.96,34
202,211,Garrett Temple,SG,SAC,7.8,2.8,2.6,1.3,0.4,0.424,0.373,0.784,6.6,1.3,3.4,1.6,3.3,0.476,0.519,0.9,1.1,0.5,2.3,1.2,2.2,65,26.6,-0.14,-0.46,-0.6,2.67,7.1,97.51,25
203,212,Justin Holiday,SG,NY,7.7,2.7,1.2,0.8,0.4,0.433,0.355,0.825,6.6,1.2,3.3,1.7,3.2,0.513,0.523,0.8,1,0.3,2.4,0.8,1.3,82,20,-0.58,0.25,-0.33,2.87,9.2,98.65,31
204,213,Matthew Dellavedova,PG,MIL,7.6,1.9,4.7,0.7,0,0.39,0.367,0.854,7,1,2.8,1.7,4.2,0.404,0.463,1.1,1.3,0.3,1.6,1.8,2,76,26.1,-0.88,-1.01,-1.89,1.54,6.6,97.5,39
205,214,Luol Deng,SF,LAL,7.6,5.3,1.3,0.9,0.4,0.387,0.309,0.73,7.6,0.9,2.9,2,4.6,0.436,0.447,0.8,1.1,1.1,4.1,0.8,1.1,56,26.5,-1.87,1.54,-0.33,2.69,7.7,100.3,18
206,215,Andre Iguodala,SF,GS,7.6,4,3.4,1,0.5,0.528,0.362,0.706,5.5,0.8,2.3,2,3.1,0.651,0.605,0.9,1.3,0.7,3.3,0.8,1.3,76,26.3,2.01,1.52,3.53,8.72,10.2,101.92,64
207,216,Manu Ginobili,SG,SA,7.5,2.3,2.7,1.2,0.2,0.39,0.392,0.804,6.4,1.3,3.3,1.2,3.1,0.387,0.491,1.2,1.6,0.4,1.9,1.4,1.7,69,18.7,1.43,1,2.43,4.64,8.7,100.94,51
208,217,Iman Shumpert,SG,CLE,7.5,2.9,1.4,0.8,0.4,0.411,0.36,0.789,6.4,1.2,3.4,1.4,3,0.469,0.507,0.9,1.2,0.5,2.4,1,2,76,25.5,-0.98,-0.16,-1.14,2.43,5.5,97.99,48
209,218,Ivica Zubac,C,LAL,7.5,4.2,0.8,0.4,0.9,0.529,0,0.653,6.3,0,0.1,3.3,6.2,0.536,0.529,0.8,1.3,1.1,3.1,0.8,1.7,38,16,-3.04,-0.26,-3.3,-0.07,10,102.85,8
210,219,Timofey Mozgov,C,LAL,7.4,4.9,0.8,0.3,0.6,0.515,0,0.808,6.1,0,0,3.1,6.1,0.517,0.515,1.2,1.4,1.9,3,1.3,2.5,54,20.4,-4.02,0.93,-3.09,0.03,7.2,99.38,16
211,220,Isaiah Whitehead,PG,BKN,7.4,2.5,2.6,0.6,0.5,0.402,0.295,0.805,7,0.6,2,2.2,4.9,0.446,0.445,1.2,1.5,0.4,2.1,1.9,2.4,73,22.5,-1.95,-1.16,-3.11,0.02,5.2,102.31,17
212,221,Alan Williams,C,PHX,7.4,6.2,0.5,0.6,0.7,0.517,0,0.625,5.7,0,0,2.9,5.7,0.519,0.517,1.5,2.4,2,4.2,0.8,2.7,47,15.1,-0.94,1.49,0.55,1.75,12.7,102.8,11
213,222,Spencer Dinwiddie,PG,BKN,7.3,2.8,3.1,0.7,0.4,0.444,0.376,0.792,5.1,0.6,1.7,1.6,3.4,0.478,0.507,2.1,2.7,0.5,2.3,1.1,2,59,22.6,-0.8,0.31,-0.49,2.29,8.7,101.2,13
214,224,Danny Green,SG,SA,7.3,3.3,1.8,1,0.8,0.392,0.379,0.844,6.6,1.7,4.6,0.9,2,0.42,0.523,0.4,0.5,0.5,2.8,1.1,1.8,68,26.6,-0.45,1.71,1.26,4.83,6.9,94.47,51
215,225,David Lee,PF,SA,7.3,5.6,1.6,0.4,0.5,0.59,,0.708,5.3,0,0,3.1,5.3,0.59,0.59,1,1.4,1.9,3.7,1,1.6,79,18.7,-0.38,1.5,1.12,3.98,12.6,98.36,58
216,226,Tyler Ulis,PG,PHX,7.3,1.6,3.7,0.8,0.1,0.421,0.266,0.775,7.2,0.3,1.3,2.7,5.9,0.455,0.445,0.9,1.2,0.3,1.2,1.3,1.2,61,18.4,-2.03,-2.23,-4.26,-0.86,9.5,103.45,15
217,227,Thabo Sefolosha,SF,ATL,7.2,4.4,1.7,1.5,0.5,0.441,0.342,0.733,6.4,0.7,1.9,2.1,4.4,0.484,0.492,0.9,1.2,0.9,3.5,0.9,1.6,62,25.7,-1.93,2.27,0.34,3.55,8.6,99.53,32
218,228,Rodney Stuckey,PG,IND,7.2,2.2,2.2,0.4,0,0.373,0.317,0.748,6.3,0.5,1.5,1.8,4.7,0.391,0.412,2.1,2.7,0.2,2,1.4,1.1,39,17.8,-1.66,-0.91,-2.57,0.23,7.5,96.83,17
219,229,Justin Anderson,SF,DAL/PHI,7.1,3.3,0.9,0.5,0.3,0.424,0.299,0.791,5.9,0.8,2.6,1.7,3.3,0.522,0.49,1.4,1.7,0.9,2.3,0.9,1.5,75,16.4,-1.36,-2.54,-3.9,-0.59,9.1,97.35,24
220,230,Matt Barnes,SF,GS/SAC,7.1,5.2,2.6,0.6,0.4,0.391,0.331,0.787,6.4,1.2,3.6,1.3,2.8,0.467,0.483,0.9,1.2,0.9,4.2,1.4,2.5,74,24,-1.18,-0.09,-1.27,2.07,8.1,97.99,38
221,231,Tim Frazier,PG,NO,7.1,2.7,5.2,0.9,0.1,0.403,0.313,0.76,6.2,0.6,2,1.9,4.2,0.446,0.453,1.5,2,0.5,2.1,1.6,2,65,23.5,-0.73,-1.67,-2.4,0.7,8.4,99.84,26
222,232,Joe Ingles,SF,UTAH,7.1,3.2,2.7,1.2,0.1,0.452,0.441,0.735,5.5,1.5,3.4,1,2.1,0.471,0.589,0.6,0.8,0.3,2.9,1.3,2,82,24,2.29,0.26,2.55,6.68,8.9,94.04,51
223,233,Brandon Jennings,PG,NY/WSH,7.1,2.4,4.9,0.9,0,0.359,0.313,0.75,6.6,1,3.1,1.4,3.5,0.399,0.433,1.4,1.9,0.4,2.1,1.6,1.4,81,22.2,0.25,-1.5,-1.25,2.15,8.9,99.85,37
224,234,Larry Nance Jr,PF,LAL,7.1,5.9,1.5,1.3,0.6,0.526,0.278,0.738,5.7,0.2,0.6,2.9,5.2,0.554,0.54,0.9,1.3,1.9,4,0.9,2.4,63,22.9,-1.26,2.16,0.9,3.79,10.1,101,21
225,235,Anthony Tolliver,PF,SAC,7.1,3.6,1.2,0.5,0.3,0.442,0.391,0.744,5.4,1.4,3.5,1,1.9,0.537,0.57,0.9,1.3,0.8,2.9,0.9,1.7,65,22.7,-0.07,-0.97,-1.04,1.93,7.3,97.77,26
226,236,Solomon Hill,SF,NO,7,3.8,1.8,0.9,0.4,0.383,0.348,0.805,6,1.2,3.4,1.1,2.6,0.428,0.481,1.3,1.6,0.6,3.2,1,2.3,80,29.7,-1.06,1.49,0.43,5.4,5.3,100.61,34
227,237,Josh Huestis,PF,OKC,7,4.5,1.5,0,1.5,0.545,0.5,0,5.5,1,2,2,3.5,0.571,0.636,0,0.5,2,2.5,0,0,2,15.5,-1.97,0.83,-1.14,0.04,13.7,108.61,0
228,238,Justin Hamilton,C,BKN,6.9,4.1,0.9,0.5,0.7,0.459,0.306,0.75,5.9,0.9,2.8,1.9,3.1,0.598,0.532,0.6,0.8,1.1,3,0.7,1.4,64,18.4,-1.64,-0.42,-2.06,0.84,9.2,103.44,14
229,239,TJ McConnell,PG,PHI,6.9,3.1,6.6,1.7,0.1,0.461,0.2,0.811,6.3,0.1,0.7,2.8,5.6,0.492,0.472,0.9,1.1,0.5,2.6,2,1.7,81,26.3,-1.32,0.23,-1.09,2.86,10.7,102.22,27
230,240,Ian Clark,SG,GS,6.8,1.6,1.2,0.5,0.1,0.487,0.374,0.759,5.6,0.8,2.1,1.9,3.5,0.556,0.558,0.6,0.8,0.3,1.3,0.7,1,77,14.8,-1.08,-1.82,-2.9,0.17,9.2,100.62,63
231,241,Jared Dudley,PF,PHX,6.8,3.5,1.9,0.7,0.3,0.454,0.379,0.662,5.4,1.2,3.2,1.3,2.2,0.559,0.565,0.7,1,0.5,3,1.1,2.4,64,21.3,-0.67,1.89,1.22,3.94,7.9,103.23,17
232,242,John Henson,C,MIL,6.8,5.1,1,0.5,1.3,0.515,0,0.692,5.3,0,0,2.7,5.3,0.516,0.515,1.3,1.8,1.6,3.5,0.9,2.6,58,19.4,-3.42,1.79,-1.63,1.05,9.2,96.69,26
233,243,Patrick Patterson,PF,TOR,6.8,4.5,1.2,0.6,0.4,0.401,0.372,0.717,5.9,1.4,3.9,0.9,2,0.458,0.523,0.7,0.9,1,3.6,0.6,1.8,65,24.6,1.05,1.26,2.31,5.4,7.5,97.3,42
234,244,Bobby Portis,PF,CHI,6.8,4.6,0.5,0.3,0.2,0.488,0.333,0.661,5.9,0.5,1.5,2.4,4.4,0.541,0.531,0.6,0.9,1.2,3.5,0.6,1.5,64,15.6,-1.94,-0.5,-2.44,0.43,11,97.38,30
235,246,Brandan Wright,PF,MEM,6.8,2.8,0.5,0.4,0.7,0.615,0,0.657,4.8,0,0,3,4.8,0.619,0.615,0.8,1.3,1.1,1.7,0.4,1.5,28,16,-0.86,0.4,-0.46,0.71,11.6,93.54,14
236,247,Alec Burks,SG,UTAH,6.7,2.9,0.7,0.4,0.1,0.399,0.329,0.769,5.9,0.6,1.8,1.8,4.1,0.43,0.45,1.4,1.9,0.4,2.5,0.8,1.2,42,15.5,-2.47,-0.94,-3.41,-0.12,8.7,95.94,26
237,249,Raymond Felton,PG,LAC,6.7,2.7,2.4,0.8,0.3,0.43,0.319,0.781,6.4,0.6,1.8,2.2,4.6,0.473,0.475,0.6,0.8,0.4,2.3,1,1.6,80,21.3,-1.4,-0.88,-2.28,0.92,7.8,97.95,50
238,250,Devin Harris,PG,DAL,6.7,2,2.1,0.7,0.1,0.399,0.328,0.829,5.2,0.9,2.7,1.2,2.5,0.476,0.484,1.6,2,0.2,1.8,0.9,1.6,65,16.7,0.38,0.32,0.7,2.58,9.5,95.46,29
239,251,Dwight Powell,C,DAL,6.7,4,0.6,0.8,0.5,0.515,0.284,0.759,4.9,0.3,1,2.2,3.9,0.571,0.542,1.4,1.8,1.2,2.8,0.4,1.8,77,17.3,-0.66,-0.51,-1.17,1.58,10.7,93.78,30
240,253,Jaylen Brown,SF,BOS,6.6,2.8,0.8,0.4,0.2,0.454,0.341,0.685,5.4,0.6,1.7,1.9,3.7,0.507,0.508,1.1,1.6,0.6,2.2,0.9,1.8,78,17.2,-2.95,-0.42,-3.37,-0.21,7.1,99.02,50
241,254,Michael Carter Williams,PG,CHI,6.6,3.4,2.5,0.8,0.5,0.366,0.234,0.753,6.8,0.3,1.4,2.2,5.4,0.401,0.391,1.3,1.7,0.5,2.9,1.5,2.3,45,18.8,-2.82,1.12,-1.7,0.77,7,98.47,25
242,255,Dante Cunningham,SF,NO,6.6,4.2,0.6,0.6,0.4,0.485,0.392,0.593,5.4,1.1,2.7,1.6,2.7,0.579,0.584,0.2,0.4,0.8,3.3,0.4,1.5,66,25,-0.37,-0.56,-0.93,2.29,6.8,99.77,28
243,256,Kosta Koufos,C,SAC,6.6,5.7,0.7,0.5,0.7,0.551,0,0.613,5.5,0,0,3,5.5,0.552,0.551,0.5,0.9,1.7,4,0.9,2.4,71,20,-2.78,2.83,0.05,2.79,9.3,96.17,27
244,257,Andre Roberson,SF,OKC,6.6,5.1,1,1.2,1,0.464,0.245,0.423,5.9,0.6,2.3,2.2,3.5,0.609,0.513,0.6,1.4,1.2,3.9,0.6,2.6,79,30.1,-1.4,2.64,1.24,6.73,5.9,101.08,46
245,258,Marcus Thornton,SG,WSH,6.6,2.3,1.2,0.6,0.1,0.4,0.35,0.852,6.4,0.8,2.4,1.7,3.9,0.431,0.467,0.7,0.8,0.7,1.6,0.8,1.5,33,17.4,-1.64,-3.31,-4.95,-0.66,6.9,98.29,15
246,259,Sam Dekker,SF,HOU,6.5,3.7,1,0.5,0.3,0.473,0.321,0.559,5.6,0.8,2.4,1.9,3.1,0.591,0.543,0.5,0.9,1.2,2.5,0.5,1.1,77,18.4,0.05,-1.42,-1.37,1.64,8.7,102.25,52
247,260,Amir Johnson,PF,BOS,6.5,4.6,1.8,0.6,0.8,0.576,0.409,0.67,4.6,0.3,0.8,2.3,3.8,0.612,0.612,0.8,1.3,1.5,3.1,1,2.6,80,20.1,0.22,3.58,3.8,7.02,9.1,97.94,51
248,261,Darrell Arthur,PF,DEN,6.4,2.7,1,0.5,0.5,0.442,0.453,0.864,5.2,1.3,2.9,1,2.4,0.429,0.565,0.5,0.5,0.6,2.1,0.9,1.9,41,15.6,-0.91,0.2,-0.71,0.99,7.7,99.85,20
249,262,Timothe Luwawu Cabarrot,SF,PHI,6.4,2.2,1.1,0.5,0.1,0.402,0.311,0.854,5.2,0.7,2.3,1.4,2.9,0.475,0.471,1.5,1.8,0.4,1.8,1.1,2.2,69,17.2,-2.27,0.57,-1.7,1.11,5.3,101.64,23
250,263,Rodney McGruder,SG,MIA,6.4,3.3,1.6,0.6,0.2,0.413,0.332,0.62,5.9,0.9,2.8,1.5,3.1,0.488,0.492,0.6,0.9,1.2,2.1,0.7,1.8,78,25.2,-0.58,-0.9,-1.48,2.04,5.6,96.98,40
251,264,Mirza Teletovic,PF,MIL,6.4,2.3,0.7,0.2,0.2,0.373,0.341,0.778,6,1.5,4.4,0.7,1.6,0.46,0.498,0.5,0.6,0.2,2.2,0.5,1.6,70,16.2,-1.05,-0.44,-1.49,1.16,6.1,96.72,36
252,265,Leandro Barbosa,SG,PHX,6.3,1.6,1.2,0.5,0.1,0.439,0.357,0.889,5.9,0.5,1.5,2,4.4,0.466,0.483,0.6,0.7,0.2,1.3,0.7,1.2,67,14.4,-1.5,-1.5,-3,0.08,8.3,101.15,20
253,266,Mindaugas Kuzminskas,SF,NY,6.3,1.9,1,0.4,0.2,0.428,0.321,0.809,5.4,0.8,2.5,1.5,3,0.517,0.501,0.8,1,0.7,1.2,0.8,1.2,68,14.9,-0.8,-1.2,-2,0.72,7.5,99.41,24
254,267,Kyle OQuinn,C,NY,6.3,5.6,1.5,0.5,1.3,0.521,0.118,0.771,5.2,0,0.2,2.7,5,0.538,0.523,0.8,1.1,2,3.6,1,2.2,79,15.6,-1.28,1.16,-0.12,2.31,13.2,97.82,29
255,269,Nemanja Bjelica,PF,MIN,6.2,3.8,1.2,0.6,0.3,0.424,0.316,0.738,5.5,0.9,2.7,1.5,2.8,0.531,0.503,0.7,0.9,0.9,2.9,0.9,2.4,65,18.3,-0.71,1.94,1.23,3.24,7.8,97.32,28
256,270,Dante Exum,PG,UTAH,6.2,2,1.7,0.3,0.2,0.427,0.295,0.795,5.5,0.7,2.3,1.7,3.2,0.519,0.488,0.9,1.1,0.5,1.5,1.2,2.2,66,18.6,-2.14,-0.65,-2.79,0.25,5.4,94.42,40
257,271,Jonathan Gibson,PG,DAL,6.2,1.3,1.5,0.5,0,0.368,0.333,0.724,5.6,0.9,2.6,1.2,2.9,0.4,0.447,1.2,1.7,0.1,1.2,1.2,1.2,17,13.6,-1.95,-2.16,-4.11,-0.15,6.2,96.88,4
258,272,Spencer Hawes,PF,MIL/CHA,6.2,3.5,1.5,0.3,0.6,0.484,0.309,0.846,5.1,0.5,1.5,2,3.6,0.556,0.529,0.8,1,0.7,2.8,0.9,1.4,54,14.8,-2.13,-0.87,-3,0.06,10.9,100.06,27
259,273,Trey Lyles,PF,UTAH,6.2,3.3,1,0.4,0.3,0.362,0.319,0.722,6.2,0.9,2.9,1.3,3.3,0.4,0.436,0.8,1.1,0.7,2.6,0.9,1.4,71,16.3,-2.48,-0.23,-2.71,0.29,7.6,94.43,43
260,274,Mike Muscala,C,ATL,6.2,3.4,1.4,0.4,0.6,0.504,0.418,0.766,4.8,0.7,1.6,1.8,3.2,0.546,0.573,0.7,0.9,1.1,2.3,0.8,1.4,70,17.7,-0.02,-0.36,-0.38,2.11,9.7,99.78,36
261,275,Chandler Parsons,SF,MEM,6.2,2.5,1.6,0.6,0.1,0.338,0.269,0.814,6.5,0.7,2.7,1.5,3.8,0.388,0.394,1,1.3,0.2,2.3,0.7,1.5,34,19.9,-3.51,-0.33,-3.84,-0.29,5.6,94.04,18
262,276,Ramon Sessions,PG,CHA,6.2,1.5,2.6,0.5,0.1,0.38,0.339,0.771,5.3,0.4,1.2,1.6,4,0.393,0.42,1.8,2.4,0.2,1.2,0.9,0.9,50,16.2,-1.65,-1.4,-3.05,0.04,7.9,99.63,23
263,277,Jonathon Simmons,SG,SA,6.2,2.1,1.6,0.6,0.3,0.42,0.294,0.75,5.4,0.4,1.3,1.9,4.1,0.461,0.456,1.3,1.7,0.3,1.8,1,1.9,78,17.8,-2.03,1.12,-0.91,1.94,6.7,97.59,60
264,278,Troy Williams,SF,HOU/MEM,6.2,2.3,0.8,0.9,0.3,0.437,0.29,0.656,5.6,0.6,2.1,1.8,3.5,0.524,0.491,0.7,1.1,0.5,1.8,1.1,2,30,18.6,-3.06,-0.45,-3.51,-0.14,5.5,98.77,19
265,279,Luc Mbah a Moute,SF,LAC,6.1,2.1,0.5,1,0.4,0.505,0.391,0.678,4.7,0.5,1.4,1.9,3.4,0.552,0.562,0.7,1.1,0.6,1.6,0.6,1.5,80,22.3,-1.56,2.32,0.76,4.43,5.6,98.35,49
266,280,JaVale McGee,C,GS,6.1,3.2,0.2,0.2,0.9,0.652,0,0.505,4.1,0,0,2.7,4.1,0.658,0.652,0.7,1.4,1.3,1.9,0.5,1.4,77,9.6,0.83,0.11,0.94,2.04,12.5,105.1,62
267,281,Zaza Pachulia,C,GS,6.1,5.9,1.9,0.8,0.5,0.534,0,0.778,4.4,0,0,2.3,4.4,0.538,0.534,1.4,1.8,2,3.9,1.2,2.4,70,18.1,-0.31,3.23,2.92,5.12,10,102.91,58
268,283,Derrick Williams,PF,CLE/MIA,6.1,2.6,0.6,0.3,0.1,0.443,0.309,0.652,4.9,0.6,1.9,1.6,2.9,0.531,0.504,1.2,1.8,0.4,2.2,0.6,1.2,50,16.1,-2.66,-1.25,-3.91,-0.4,7.4,96.49,16
269,284,Alex Abrines,SG,OKC,6,1.3,0.6,0.5,0.1,0.393,0.381,0.898,5,1.4,3.6,0.6,1.4,0.426,0.531,0.6,0.7,0.3,1,0.5,1.7,68,15.5,0.13,-2.25,-2.12,0.69,5.2,101.04,37
270,285,Bismack Biyombo,C,ORL,6,7,0.9,0.3,1.1,0.528,,0.534,4.2,0,0,2.2,4.2,0.528,0.528,1.5,2.9,1.9,5.1,1.2,2.5,81,22.1,-3.33,0.77,-2.56,0.63,8.7,96.83,29
271,287,David Nwaba,SG,LAL,6,3.2,0.7,0.7,0.4,0.58,0.2,0.641,4.1,0.1,0.3,2.3,3.8,0.605,0.586,1.3,2,0.9,2.3,0.6,1.8,20,19.9,-1.89,0.59,-1.3,0.47,7.6,100.9,5
272,288,Lance Thomas,PF,NY,6,3.1,0.8,0.5,0.1,0.398,0.447,0.843,5.3,0.8,1.8,1.3,3.5,0.371,0.475,0.9,1.1,0.7,2.4,0.5,1.8,46,21,-2.87,-1.73,-4.6,-0.91,5.5,98.29,15
273,289,Jerian Grant,PG,CHI,5.9,1.8,1.9,0.7,0.1,0.425,0.366,0.89,4.8,0.8,2.1,1.3,2.7,0.473,0.507,1,1.2,0.3,1.5,0.7,1.5,63,16.3,0.5,1.07,1.57,3.03,8.4,97,29
274,290,Andrew Harrison,PG,MEM,5.9,1.9,2.8,0.7,0.3,0.325,0.276,0.763,5,0.6,2.2,1,2.8,0.363,0.385,2.1,2.7,0.3,1.6,1.2,2.7,72,20.5,-1.2,-0.38,-1.58,1.38,5.3,94.76,38
275,291,Domantas Sabonis,PF,OKC,5.9,3.6,1,0.5,0.4,0.399,0.321,0.657,5.9,0.6,2,1.7,4,0.438,0.452,0.5,0.8,0.6,3,1,2.5,81,20.1,-3.9,1.86,-2.04,1.14,4.9,99.61,46
276,292,Quincy Acy,PF,DAL/BKN,5.8,3,0.5,0.4,0.4,0.412,0.411,0.75,4.5,1,2.4,0.9,2.1,0.413,0.521,1.2,1.6,0.5,2.5,0.6,1.8,38,14.7,-2.38,-0.21,-2.59,0.01,8.3,101.09,11
277,293,Beno Udrih,PG,DET,5.8,1.5,3.4,0.3,0,0.467,0.344,0.941,5.1,0.3,0.8,2.1,4.2,0.491,0.495,0.8,0.9,0.2,1.3,0.9,0.7,39,14.4,-0.39,0.13,-0.26,0.98,13,95.46,18
278,294,Tarik Black,C,LAL,5.7,5.1,0.6,0.4,0.7,0.51,0.5,0.752,4.4,0,0,2.2,4.4,0.51,0.512,1.2,1.6,2.1,3,0.9,2.6,67,16.3,-2.5,1.96,-0.54,1.81,8.5,100.72,24
279,295,Richard Jefferson,SF,CLE,5.7,2.6,1,0.3,0.1,0.446,0.333,0.741,4.3,0.8,2.4,1.2,2,0.58,0.536,1,1.4,0.4,2.2,0.7,1.9,79,20.4,-1.16,-0.48,-1.64,1.51,5.3,98.11,50
280,296,Jason Smith,C,WSH,5.7,3.5,0.5,0.3,0.7,0.529,0.474,0.686,4.4,0.5,1.1,1.9,3.4,0.546,0.585,0.5,0.7,0.9,2.6,0.8,2.3,74,14.4,-1.08,0.54,-0.54,1.75,8.7,98.72,45
281,298,Brandon Bass,PF,LAC,5.6,2.5,0.4,0.3,0.2,0.575,0.333,0.875,3.6,0,0.1,2,3.5,0.579,0.578,1.5,1.7,0.8,1.7,0.6,0.9,52,11.1,-1.06,-1.59,-2.65,0.17,12.2,96.53,29
282,299,Quinn Cook,PG,NO/DAL,5.6,0.5,1.9,0.3,0,0.5,0.423,0.4,4.7,0.8,1.9,1.6,2.9,0.55,0.583,0.1,0.4,0.1,0.4,0.9,0.9,14,13.4,-1.44,-1.38,-2.82,0.01,6.8,96.78,9
283,300,Gerald Green,SF,BOS,5.6,1.8,0.7,0.2,0.1,0.409,0.351,0.805,4.9,0.8,2.4,1.2,2.6,0.463,0.494,0.7,0.9,0.3,1.4,0.5,1,47,11.4,-1.27,-1.47,-2.74,0.13,8.1,98.76,32
284,301,Ian Mahinmi,C,WSH,5.6,4.8,0.6,1.1,0.8,0.586,,0.573,3.6,0,0,2.1,3.6,0.586,0.586,1.4,2.4,1.5,3.3,1.1,2.9,31,17.9,-2.22,3.11,0.89,1.44,8.2,98.9,19
285,302,Georgios Papagiannis,C,SAC,5.6,3.9,0.9,0.1,0.8,0.549,0,0.857,4.6,0,0.1,2.5,4.5,0.56,0.549,0.5,0.6,1.1,2.8,1.1,2,22,16.1,-2.47,-0.3,-2.77,0.08,8.2,96.93,7
286,303,Delon Wright,PG,TOR,5.6,1.8,2.1,1,0.4,0.422,0.333,0.764,4.3,0.4,1.1,1.4,3.2,0.453,0.466,1.6,2,0.6,1.2,0.9,1.1,27,16.5,-1.28,0.98,-0.3,0.77,10.5,94.48,19
287,304,Jerami Grant,SF,PHI/OKC,5.5,2.6,0.6,0.4,1,0.463,0.371,0.612,4.1,0.5,1.5,1.4,2.7,0.514,0.529,1.1,1.8,0.5,2.1,0.6,1.9,80,19.1,-2.42,-2.29,-4.71,-1.56,5.8,100.42,43
288,305,Boban Marjanovic,C,DET,5.5,3.7,0.3,0.2,0.3,0.545,,0.81,3.8,0,0,2.1,3.8,0.545,0.545,1.3,1.7,1.3,2.4,0.3,0.7,35,8.4,-0.24,1.66,1.42,0.82,19.6,97.2,16
289,306,Anthony Morrow,SG,CHI/OKC,5.5,0.6,0.5,0.5,0,0.389,0.308,0.919,5.1,0.8,2.7,1.2,2.4,0.479,0.47,0.7,0.8,0.2,0.4,0.1,0.9,49,14.6,-0.66,-1.46,-2.12,0.46,5.5,99.75,25
290,307,Terry Rozier,PG,BOS,5.5,3.1,1.8,0.6,0.1,0.367,0.318,0.773,5.6,0.8,2.4,1.3,3.1,0.405,0.437,0.7,0.9,0.5,2.5,0.6,0.9,74,17.1,-1.05,-0.01,-1.06,1.65,9.1,98.27,47
291,308,Paul Zipser,SF,CHI,5.5,2.8,0.8,0.3,0.4,0.398,0.333,0.775,5,0.8,2.3,1.3,2.8,0.451,0.473,0.7,0.9,0.3,2.5,0.9,1.8,44,19.2,-3.37,-0.19,-3.56,-0.23,5,97.93,21
292,309,Malcolm Delaney,PG,ATL,5.4,1.7,2.6,0.5,0,0.374,0.236,0.806,5.3,0.4,1.5,1.6,3.8,0.428,0.407,1,1.3,0.1,1.5,1.3,1.5,73,17.1,-2.64,-0.25,-2.89,0.18,6.4,98.7,37
293,310,Joffrey Lauvergne,PF-C,CHI/OKC,5.4,3.6,1,0.4,0.1,0.44,0.337,0.63,4.8,0.5,1.4,1.6,3.4,0.483,0.49,0.7,1,1,2.6,0.8,1.2,70,14,-1.22,-1.27,-2.49,0.39,9.4,98.86,41
294,311,Meyers Leonard,PF,POR,5.4,3.2,1,0.2,0.4,0.386,0.347,0.875,5.1,1,2.9,1,2.2,0.436,0.484,0.5,0.5,0.4,2.8,0.5,2.3,74,16.5,-1.5,0.26,-1.24,1.48,6.1,99.44,37
295,312,Alexis Ajinca,C,NO,5.3,4.5,0.3,0.5,0.6,0.5,0,0.725,4.6,0,0.1,2.3,4.5,0.511,0.5,0.7,1,1.2,3.4,0.8,2,39,15,-3.17,1.64,-1.53,0.6,8.8,100.43,15
296,314,Chasson Randle,PG,NY/PHI,5.3,1.2,1.3,0.3,0.1,0.408,0.34,0.953,3.8,0.6,1.8,0.9,2,0.471,0.49,1.6,1.7,0.2,1,0.7,1.5,26,11.5,-0.74,-1.36,-2.1,0.2,8.4,98.49,8
297,315,Willie Reed,C,MIA,5.3,4.7,0.4,0.3,0.7,0.568,0.25,0.557,4,0,0.1,2.3,4,0.573,0.57,0.7,1.2,1.8,2.9,0.4,1.9,71,14.5,-2.42,1.25,-1.17,1.28,10.8,98.26,39
298,316,Omri Casspi,SF,NO/MIN/SAC,5.2,3.1,1,0.6,0.1,0.47,0.349,0.586,4.6,0.4,1.2,1.7,3.4,0.512,0.515,0.5,0.8,0.8,2.4,0.8,1.4,36,17.9,-2.35,0.05,-2.3,0.22,6.9,98.23,12
299,317,Mike Dunleavy,SF,ATL/CLE,5.2,2.2,0.9,0.3,0.1,0.423,0.396,0.8,4.2,1,2.5,0.8,1.6,0.465,0.543,0.7,0.8,0.3,1.8,0.5,1.3,53,15.9,-2.26,0.05,-2.21,0.49,7.7,98.53,34
300,318,Randy Foye,SG,BKN,5.2,2.2,2,0.5,0.1,0.363,0.33,0.857,4.7,1,2.9,0.7,1.8,0.418,0.466,0.8,0.9,0.1,2.1,1.2,1.4,69,18.6,-2.7,-1.42,-4.12,-0.85,5.7,103.71,17
301,319,Cameron Payne,PG,CHI/OKC,5.2,1.5,1.8,0.5,0.1,0.332,0.314,0.625,6.2,0.9,2.8,1.2,3.5,0.346,0.402,0.2,0.3,0.1,1.5,0.9,1.7,31,14.9,-4.14,-0.31,-4.45,-0.39,4.1,98.86,16
302,320,Dewayne Dedmon,C,SA,5.1,6.5,0.6,0.5,0.8,0.622,,0.699,3.4,0,0,2.1,3.4,0.622,0.622,0.9,1.2,1.7,4.8,0.8,2.4,76,17.5,-1.63,3.94,2.31,4.49,12.4,95.97,55
303,321,Cheick Diallo,PF,NO,5.1,4.3,0.2,0.2,0.4,0.474,,0.714,4.5,0,0,2.1,4.5,0.474,0.474,0.9,1.2,1.4,2.9,0.4,1,17,11.7,-2.54,-0.85,-3.39,-0.03,11.3,101.07,9
304,322,Shaun Livingston,PG,GS,5.1,2,1.8,0.5,0.3,0.547,0.333,0.7,4.2,0,0,2.3,4.1,0.55,0.549,0.6,0.8,0.4,1.6,0.8,1.6,76,17.7,-2.55,-0.19,-2.74,0.33,7.3,98.4,63
305,323,Luis Scola,PF,BKN,5.1,3.9,1,0.4,0.1,0.47,0.34,0.676,4.2,0.5,1.4,1.5,2.8,0.535,0.526,0.7,1,1.4,2.4,0.9,1.8,36,12.8,-0.8,-0.29,-1.09,0.62,8.9,102.58,7
306,324,Wayne Selden,SG,NO/MEM,5.1,1.1,0.9,0.4,0.1,0.431,0.25,0.636,4.1,0.5,2,1.3,2.1,0.6,0.491,1,1.6,0.1,1.1,0.9,1.3,14,16.9,-2.44,-0.28,-2.72,0.06,4.4,94.78,6
307,325,Hollis Thompson,SG,NO/PHI,5.1,2.8,0.9,0.5,0.2,0.385,0.337,0.655,5,0.8,2.4,1.1,2.6,0.429,0.465,0.5,0.7,0.5,2.3,0.3,1.7,40,18.8,-0.82,-1.23,-2.05,0.38,5.8,98.46,12
308,326,Denzel Valentine,SG,CHI,5.1,2.6,1.1,0.5,0.1,0.354,0.351,0.778,5.1,1.3,3.6,0.5,1.4,0.363,0.481,0.2,0.3,0.2,2.5,0.9,1.5,57,17.1,-2.21,0.13,-2.08,0.64,5.8,97.94,28
309,327,Anthony Bennett,PF,BKN,5,3.4,0.5,0.2,0.1,0.413,0.271,0.722,4,0.6,2.1,1.1,1.9,0.568,0.484,1.1,1.6,1.1,2.3,0.5,0.8,23,11.5,-0.76,-1.29,-2.05,0.19,9.4,104.03,3
310,328,Aaron Brooks,PG,IND,5,1.1,1.9,0.4,0.1,0.403,0.375,0.8,4.6,0.7,2,1.1,2.6,0.424,0.483,0.5,0.6,0.3,0.8,1,1.4,65,13.8,-1.81,-1.47,-3.28,-0.09,6.2,96.55,36
311,329,Trey Burke,PG,WSH,5,0.8,1.8,0.2,0.1,0.455,0.443,0.759,4.5,0.5,1.2,1.5,3.2,0.459,0.516,0.4,0.5,0.1,0.7,0.8,0.9,57,12.3,-2.15,-3.09,-5.24,-0.92,8.1,96.37,35
312,330,Joakim Noah,C,NY,5,8.8,2.2,0.7,0.8,0.49,0,0.436,4.4,0,0,2.2,4.4,0.493,0.49,0.7,1.7,3.5,5.2,1.3,2.8,46,22.1,-2.23,1.17,-1.06,1.32,9.4,98.45,17
313,331,Thomas Robinson,PF,LAL,5,4.6,0.6,0.5,0.2,0.536,0,0.47,4.1,0,0,2.2,4.1,0.538,0.536,0.6,1.4,1.8,2.9,1,1.6,48,11.7,-1.68,-0.66,-2.34,0.28,11.4,99.31,15
314,332,Aron Baynes,C,DET,4.9,4.4,0.4,0.2,0.5,0.513,,0.84,3.7,0,0,1.9,3.7,0.513,0.513,1.1,1.3,1.5,3,0.7,2.2,75,15.5,-2.45,2.93,0.48,2.63,8.5,97.23,34
315,334,Juan Hernangomez,PF,DEN,4.9,3,0.5,0.5,0.2,0.451,0.407,0.75,3.6,0.7,1.8,0.9,1.8,0.495,0.554,0.9,1.2,0.7,2.3,0.5,1,62,13.6,-0.85,-0.69,-1.54,0.88,8.6,101.04,30
316,335,Mario Hezonja,SF,ORL,4.9,2.2,1,0.5,0.2,0.355,0.299,0.8,5.1,0.7,2.2,1.1,2.9,0.398,0.42,0.6,0.8,0.3,1.9,0.9,1.1,65,14.8,-4.4,-2.2,-6.6,-2.09,5.9,97.48,20
317,336,Josh McRoberts,PF,MIA,4.9,3.4,2.3,0.5,0.2,0.373,0.419,0.667,5.4,0.6,1.4,1.4,4,0.356,0.428,0.3,0.4,1,2.3,1,1.4,22,17.3,-2.87,-0.01,-2.88,0.06,7.1,93.81,6
318,337,Tiago Splitter,C,PHI,4.9,2.8,0.5,0.1,0.1,0.452,0.333,0.818,3.9,0.3,0.8,1.5,3.1,0.48,0.484,1.1,1.4,1,1.8,0.8,1,8,9.5,-1.97,0.69,-1.28,0.09,10.6,99.11,1
319,338,Luke Babbitt,SF,MIA,4.8,2.1,0.5,0.3,0.2,0.402,0.414,0.733,4.1,1.3,3.1,0.4,1,0.366,0.557,0.2,0.2,0.2,1.9,0.4,1.7,68,15.7,-0.64,1.24,0.6,2.5,5.4,97.22,35
320,339,Jarell Eddie,SF,PHX,4.8,1.4,0,0.2,0,0.316,0.25,0.889,3.8,0.8,3.2,0.4,0.6,0.667,0.421,1.6,1.8,0.2,1.2,0.2,0.2,5,12.4,-2.31,0.62,-1.69,0.06,8.2,109.87,0
321,340,Cristiano Felicio,C,CHI,4.8,4.7,0.6,0.4,0.3,0.579,,0.645,3.3,0,0,1.9,3.3,0.579,0.579,0.9,1.4,1.9,2.8,0.5,1.7,66,15.8,-1.55,0.39,-1.16,1.28,10,97.27,31
322,341,Kevin Seraphin,PF,IND,4.7,2.9,0.5,0.1,0.4,0.551,0,0.636,4,0,0,2.2,4,0.556,0.551,0.3,0.4,0.8,2.1,0.6,1.3,49,11.4,-2.94,-1.07,-4.01,-0.31,9.5,96.87,23
323,342,Isaiah Canaan,SG,CHI,4.6,1.3,0.9,0.6,0,0.364,0.266,0.909,4.4,0.6,2.4,1,2,0.481,0.436,0.8,0.8,0.2,1.1,0.5,0.9,39,15.2,-3,-1.12,-4.12,-0.37,5.6,96.46,19
324,343,Boris Diaw,PF,UTAH,4.6,2.2,2.3,0.2,0.1,0.446,0.247,0.743,4.5,0.3,1.1,1.7,3.4,0.512,0.477,0.4,0.5,0.6,1.5,1.2,1.1,73,17.6,-2.58,-0.5,-3.08,0.03,7.1,93.08,45
325,344,Roy Hibbert,C,DEN/CHA,4.6,3.2,0.4,0.2,1,0.544,,0.813,3.1,0,0,1.7,3.1,0.544,0.544,1.3,1.6,1.1,2,0.7,2.1,48,14.2,-2.48,2.08,-0.4,1.21,7.1,98.94,24
326,345,Kris Humphries,PF,ATL,4.6,3.7,0.5,0.3,0.4,0.407,0.352,0.78,3.8,0.3,1,1.2,2.9,0.425,0.451,1.1,1.5,1.1,2.6,0.5,1.2,56,12.3,-2.3,0.41,-1.89,0.54,10.5,98.12,31
327,346,David West,C,GS,4.6,3,2.2,0.6,0.7,0.536,0.375,0.768,3.7,0,0.1,1.9,3.6,0.541,0.542,0.6,0.8,0.7,2.3,1.1,1.5,68,12.6,-1.47,3.54,2.07,2.81,12.3,96.84,56
328,347,Davis Bertans,PF,SA,4.5,1.5,0.7,0.3,0.4,0.44,0.399,0.824,3.5,1,2.6,0.5,0.9,0.557,0.588,0.4,0.5,0.3,1.1,0.5,1.1,67,12.1,0.07,-0.01,0.06,1.64,7.7,97.88,51
329,348,Corey Brewer,SF,HOU/LAL,4.5,2,1.2,0.7,0.2,0.422,0.229,0.735,4.2,0.3,1.4,1.5,2.8,0.522,0.461,0.6,0.8,0.4,1.6,0.7,1.6,82,15.6,-1.75,1,-0.75,1.99,5.7,101.21,47
330,349,Reggie Bullock,SF,DET,4.5,2.1,0.9,0.6,0.1,0.422,0.384,0.714,4.1,0.9,2.4,0.8,1.8,0.473,0.531,0.2,0.2,0.4,1.6,0.3,0.7,31,15.1,-0.98,0.57,-0.41,0.79,8.1,98.05,13
331,350,CJ Watson,PG,ORL,4.5,1.4,1.8,0.7,0,0.387,0.305,0.864,4,0.5,1.7,1,2.3,0.448,0.452,0.9,1.1,0.3,1.2,0.8,1.4,62,16.3,-2.41,-0.64,-3.05,0.05,6.3,98.51,20
332,352,Pierre Jackson,PG,DAL,4.4,1.1,2.4,0.3,0,0.333,0.273,0.857,4.9,0.4,1.4,1.3,3.5,0.357,0.372,0.8,0.9,0.1,1,0.4,0.6,8,10.5,-0.96,-0.76,-1.72,0.02,10.4,97.72,4
333,353,Stanley Johnson,SF,DET,4.4,2.5,1.4,0.7,0.3,0.353,0.292,0.679,4.7,0.6,2,1.1,2.7,0.398,0.415,0.5,0.7,0.5,2,0.9,1.6,77,17.8,-2.34,-0.04,-2.38,0.63,4.8,96.99,35
334,354,Jordan McRae,SG,CLE,4.4,1.1,0.5,0.2,0.2,0.387,0.353,0.794,4.1,0.5,1.4,1.1,2.7,0.404,0.447,0.7,0.9,0.2,0.9,0.4,0.8,37,10.4,-2.19,-1.87,-4.06,-0.23,5.9,97.04,26
335,355,Donatas Motiejunas,PF,NO,4.4,3,0.9,0.5,0.3,0.413,0.234,0.51,4.1,0.3,1.4,1.4,2.7,0.505,0.453,0.7,1.4,0.8,2.2,0.9,1.6,34,14.1,-2.51,-0.74,-3.25,-0.04,5.3,101.18,16
336,356,Lucas Nogueira,C,TOR,4.4,4.3,0.7,0.9,1.6,0.66,0.25,0.657,2.7,0.1,0.2,1.8,2.5,0.694,0.67,0.8,1.2,1.4,2.8,0.8,2.4,57,19.1,-0.61,3.34,2.73,4.03,8.5,97.57,34
337,357,Jarrod Uthoff,PF,DAL,4.4,2.4,1,0.2,0.4,0.421,0.333,0.714,4.2,0.3,1,1.4,3.2,0.448,0.461,0.6,0.8,0.9,1.6,0.3,0.9,9,12.8,-2.29,-0.76,-3.05,0.01,8.1,94.3,2
338,358,Noah Vonleh,PF,POR,4.4,5.2,0.4,0.4,0.4,0.481,0.35,0.638,3.6,0.1,0.3,1.7,3.4,0.492,0.494,0.8,1.3,1.8,3.5,0.9,2.1,74,17.1,-4.02,1.03,-2.99,0.11,7.3,98.18,38
339,359,Ed Davis,PF,POR,4.3,5.3,0.6,0.3,0.5,0.528,,0.617,3.1,0,0,1.6,3.1,0.528,0.528,1.1,1.8,2.1,3.2,0.8,3,46,17.2,-2.96,-0.06,-3.02,0.05,6.1,98.77,19
340,360,Tyler Ennis,PG,HOU/LAL,4.3,0.8,1.6,0.5,0,0.433,0.386,0.84,3.9,0.5,1.3,1.2,2.6,0.457,0.498,0.4,0.5,0.2,0.7,0.8,1.1,53,11.1,-1.36,-0.51,-1.87,0.49,7,100.23,28
341,361,Dorian Finney Smith,PF,DAL,4.3,2.7,0.8,0.6,0.3,0.372,0.293,0.754,4.1,0.7,2.4,0.8,1.8,0.479,0.456,0.6,0.8,0.7,2.1,0.6,1.5,81,20.3,-1.92,-0.3,-2.22,0.9,4.9,93.28,33
342,363,Brandon Rush,SG,MIN,4.2,2.1,1,0.5,0.5,0.374,0.386,0.722,4,0.9,2.4,0.6,1.6,0.356,0.492,0.3,0.4,0.3,1.8,0.6,0.9,47,21.9,-3.13,-0.73,-3.86,-0.48,4.3,96.76,15
343,364,Pascal Siakam,PF,TOR,4.2,3.4,0.3,0.5,0.8,0.502,0.143,0.688,3.7,0,0.1,1.9,3.6,0.515,0.505,0.4,0.6,1.2,2.2,0.6,2,55,15.6,-3.93,0.49,-3.44,-0.17,6,96.94,35
344,365,Ron Baker,SG,NY,4.1,1.9,2.1,0.7,0.2,0.378,0.267,0.651,4.2,0.4,1.7,1.1,2.5,0.45,0.431,0.5,0.8,0.2,1.7,1.1,1.4,52,16.5,-2.68,-0.56,-3.24,-0.06,5.7,96.85,14
345,366,Shabazz Napier,PG,POR,4.1,1.2,1.3,0.6,0,0.399,0.37,0.776,3.5,0.6,1.7,0.7,1.7,0.429,0.492,0.7,0.9,0.2,1,0.8,0.7,53,9.7,-0.12,-1.39,-1.51,0.51,9.4,95.63,26
346,367,Jason Terry,SG,MIL,4.1,1.4,1.3,0.6,0.3,0.432,0.427,0.828,3.3,1,2.3,0.4,1,0.444,0.582,0.3,0.4,0.2,1.2,0.5,1.3,74,18.4,-0.41,0.61,0.2,2.81,5.8,95.82,37
347,368,Kay Felder,PG,CLE,4,1,1.4,0.4,0.2,0.392,0.318,0.714,3.8,0.2,0.5,1.3,3.2,0.404,0.415,0.8,1.2,0.1,0.9,0.7,0.9,42,9.2,-3.39,-0.85,-4.24,-0.28,7.9,97.79,25
348,370,Thon Maker,C,MIL,4,2,0.4,0.2,0.5,0.459,0.378,0.653,3.2,0.5,1.3,1,1.9,0.514,0.536,0.6,0.9,0.7,1.3,0.3,1.5,57,9.9,-1.23,0.17,-1.06,0.7,7.2,94,31
349,371,Patrick McCaw,SG,GS,4,1.4,1.1,0.5,0.2,0.433,0.333,0.784,3.5,0.6,1.7,0.9,1.7,0.533,0.516,0.4,0.5,0.3,1.1,0.5,0.9,71,15.1,-3.09,-1.57,-4.66,-1.1,5.6,102.03,57
350,373,Anthony Brown,SF,NO/ORL,3.9,3,0.7,0.5,0.1,0.36,0.259,,4.5,0.6,2.5,1,2.1,0.478,0.43,0,0,0.7,2.3,0.5,1.4,11,14.5,-1.42,-0.34,-1.76,0.08,5.8,94.67,3
351,374,Jarell Martin,PF,MEM,3.9,3.9,0.2,0.4,0.2,0.384,0.36,0.8,3.6,0.2,0.6,1.2,3,0.389,0.414,1,1.2,1,2.9,0.7,2.2,42,13.3,-4.23,1.17,-3.06,0.02,6.9,97.39,23
352,375,Malik Beasley,SG,DEN,3.8,0.8,0.5,0.3,0,0.452,0.321,0.8,3.3,0.4,1.3,1.1,2,0.533,0.514,0.4,0.5,0.2,0.5,0.4,0.5,22,7.5,-1.74,0.21,-1.53,0.18,8.6,103.72,12
353,376,Kris Dunn,PG,MIN,3.8,2.1,2.4,1,0.5,0.377,0.288,0.61,4,0.3,0.9,1.2,3.1,0.404,0.411,0.5,0.8,0.3,1.8,1.1,2.3,78,17.1,-2.64,-0.41,-3.05,0.06,5.1,96.78,30
354,377,Jonas Jerebko,PF,BOS,3.8,3.5,0.9,0.3,0.2,0.435,0.346,0.703,3.4,0.6,1.7,0.9,1.7,0.523,0.521,0.3,0.5,0.8,2.7,0.5,1.6,78,15.8,-0.89,-0.14,-1.03,1.63,6.9,98.94,51
355,378,Malachi Richardson,SG,SAC,3.6,1,0.5,0.2,0,0.412,0.286,0.789,3.1,0.4,1.3,0.9,1.8,0.5,0.471,0.7,0.9,0.1,0.9,0.4,1,22,9,-2.29,-0.14,-2.43,0.09,5.7,96.63,9
356,379,Tyus Jones,PG,MIN,3.5,1.1,2.6,0.8,0.1,0.414,0.356,0.767,3,0.4,1.2,0.8,1.8,0.454,0.486,0.6,0.7,0.2,1,0.6,0.8,60,12.9,0.11,-0.34,-0.23,1.4,9.6,97.51,23
357,381,Adreian Payne,PF,MIN,3.5,1.8,0.4,0.4,0.4,0.426,0.2,0.737,3,0.2,0.8,1.1,2.2,0.513,0.454,0.8,1.1,0.5,1.3,0.4,1.8,18,7.5,-1.69,1.36,-0.33,0.24,8.2,96.52,5
358,382,Brian Roberts,PG,CHA,3.5,1,1.3,0.2,0,0.377,0.386,0.846,3,0.4,1.1,0.7,1.9,0.372,0.447,0.8,1,0.1,0.8,0.6,0.4,41,10.1,-2.62,-1.07,-3.69,-0.15,7.7,94.53,16
359,383,Rashad Vaughn,SG,MIL,3.5,1.2,0.6,0.5,0.2,0.365,0.321,0.4,3.8,0.6,2,0.8,1.8,0.413,0.449,0,0.1,0.1,1.1,0.3,0.8,41,11.2,-3.44,-0.89,-4.33,-0.35,5.2,96.36,18
360,384,Tyler Zeller,C,BOS,3.5,2.4,0.8,0.1,0.4,0.494,0,0.564,3.1,0,0,1.5,3.1,0.497,0.494,0.4,0.8,0.8,1.6,0.4,1.2,51,10.3,-2.5,0.2,-2.3,0.28,8.5,99.46,32
361,385,Kyle Anderson,SG,SA,3.4,2.9,1.3,0.7,0.4,0.445,0.375,0.789,2.9,0.2,0.6,1.1,2.3,0.462,0.481,0.6,0.8,0.5,2.4,0.5,0.9,72,14.2,-1.81,3.11,1.3,2.84,9.8,96.6,53
362,386,Dragan Bender,PF,PHX,3.4,2.4,0.5,0.2,0.5,0.354,0.277,0.364,3.7,0.7,2.3,0.7,1.4,0.483,0.441,0.1,0.3,0.5,1.9,0.7,1.7,43,13.3,-3.2,-0.68,-3.88,-0.28,3.3,100.06,13
363,387,Jose Calderon,PG,ATL/LAL,3.4,1.8,2.1,0.3,0,0.41,0.313,0.917,3.3,0.5,1.6,0.9,1.7,0.5,0.485,0.3,0.3,0.4,1.4,1,0.9,41,13.1,-2.4,-0.36,-2.76,0.12,7.7,98.89,15
364,388,Dejounte Murray,PG,SA,3.4,1.1,1.3,0.2,0.2,0.431,0.391,0.7,3.1,0.2,0.6,1.1,2.4,0.441,0.47,0.6,0.8,0.2,0.9,1,0.8,38,8.5,-1.97,-0.83,-2.8,0.07,7.5,96.05,29
365,389,Jared Sullinger,PF,TOR,3.4,2.5,0.3,0.4,0.1,0.319,0.167,0.5,4.3,0.3,1.6,1.1,2.6,0.414,0.351,0.4,0.7,0.9,1.5,0.4,1.5,11,10.7,-2.7,0.9,-1.8,0.1,2.7,96.58,2
366,390,Norris Cole,PG,OKC,3.3,0.8,1.1,0.6,0,0.308,0.231,0.8,4,0.2,1,1,3,0.333,0.337,0.6,0.8,0,0.8,0.5,1.4,13,9.6,-2.56,-0.48,-3.04,0.01,3.3,98.87,5
367,391,Darrun Hilliard,SG,DET,3.3,0.8,0.8,0.3,0.1,0.373,0.261,0.75,3.2,0.3,1.2,0.9,2.1,0.438,0.421,0.5,0.7,0.1,0.8,0.7,1,39,9.8,-3.2,-0.69,-3.89,-0.18,3.9,96.1,19
368,392,Nicolas Laprovittola,PG,SA,3.3,0.6,1.6,0.2,0.1,0.426,0.37,1,2.6,0.6,1.5,0.6,1.1,0.5,0.532,0.5,0.5,0.1,0.5,1.1,1.1,18,9.7,-1.52,-1.19,-2.71,0.04,6.3,95.31,15
369,395,Henry Ellenson,PF,DET,3.2,2.2,0.4,0.1,0.1,0.359,0.286,0.5,3.4,0.5,1.8,0.7,1.5,0.448,0.438,0.2,0.4,0.4,1.7,0.7,0.3,19,7.7,-2.32,0.38,-1.94,0.1,7.6,95.74,8
370,396,Paul Pierce,SF,LAC,3.2,1.9,0.4,0.2,0.2,0.4,0.349,0.769,2.8,0.6,1.7,0.5,1.1,0.481,0.507,0.4,0.5,0,1.9,0.6,1.6,25,11.1,-2.04,1.24,-0.8,0.4,4.4,97.71,16
371,397,Maurice Ndour,PF,NY,3.1,2,0.3,0.5,0.3,0.453,0.143,0.731,2.7,0,0.2,1.2,2.5,0.481,0.459,0.6,0.8,0.7,1.3,0.4,0.9,32,10.3,-1.94,-0.37,-2.31,0.07,6.9,97.61,10
372,398,Jakob Poeltl,C,TOR,3.1,3.1,0.2,0.3,0.4,0.583,,0.544,2.1,0,0,1.2,2.1,0.583,0.583,0.6,1.1,1.4,1.6,0.5,2.1,54,11.6,-2.36,1.09,-1.27,0.72,5.7,95.71,38
373,399,Briante Weber,PG,GS/CHA,3.1,1.3,1.1,0.6,0.1,0.417,0.1,0.688,3,0.1,0.5,1.2,2.5,0.48,0.425,0.6,0.8,0.4,0.9,0.4,0.8,20,10.3,-2.02,-1.29,-3.31,-0.02,7.2,91.12,12
374,400,Jarrett Jack,PG,NO,3,0,2.5,1,0,0.667,0,1,1.5,0,0.5,1,1,1,0.667,1,1,0,0,1.5,2,2,16.5,-1.85,0.01,-1.84,0.03,5.1,97.67,1
375,402,Sasha Vujacic,SG,NY,3,1.4,1.2,0.3,0,0.309,0.311,0.708,3.2,0.5,1.8,0.5,1.5,0.306,0.393,0.4,0.6,0.3,1.1,0.4,0.9,42,9.7,-2.35,0.26,-2.09,0.27,6.2,99.29,14
376,403,Lavoy Allen,PF,IND,2.9,3.6,0.9,0.3,0.4,0.458,0,0.697,2.8,0,0,1.3,2.7,0.461,0.458,0.4,0.5,1.7,1.9,0.5,1.3,61,14.3,-2.56,-0.91,-3.47,-0.19,6.9,97.83,31
377,404,Alan Anderson,SF,LAC,2.9,0.8,0.4,0.1,0,0.375,0.318,0.75,2.7,0.5,1.5,0.5,1.2,0.444,0.463,0.4,0.5,0.1,0.7,0.2,1.2,30,10.3,-2.62,-1.04,-3.66,-0.1,2.3,95.84,20
378,405,Andrew Bogut,C,CLE/DAL,2.9,8.1,1.8,0.5,0.9,0.469,0,0.273,3,0,0,1.4,3,0.475,0.469,0.1,0.4,2.1,6,1.6,3.2,27,21.6,-4.01,4.34,0.33,1.2,9.2,93.14,8
379,406,Semaj Christon,PG,OKC,2.9,1.4,2,0.4,0.1,0.345,0.19,0.548,3.5,0.2,1,1,2.5,0.406,0.372,0.3,0.5,0.3,1.1,0.7,1.2,64,15.2,-3.76,-1.69,-5.45,-1.4,4.2,97.09,36
380,407,Salah Mejri,C,DAL,2.9,4.2,0.2,0.4,0.8,0.642,0.333,0.59,1.9,0,0,1.2,1.8,0.649,0.646,0.5,0.8,1.3,2.9,0.5,2.1,73,12.4,-2.71,3.66,0.95,2.23,9.9,92.48,29
381,408,Fred VanVleet,PG,TOR,2.9,1.1,0.9,0.4,0.1,0.351,0.379,0.818,3,0.3,0.8,0.8,2.2,0.341,0.401,0.5,0.6,0.1,1,0.4,1,37,7.9,-2.44,0.83,-1.61,0.28,7.8,97.63,25
382,409,Jeff Withey,C,UTAH,2.9,2.4,0.1,0.3,0.6,0.534,0,0.75,2,0,0,1.1,2,0.539,0.534,0.7,0.9,1,1.4,0.3,1,51,8.5,-1.5,0.57,-0.93,0.58,9.6,95.93,33
383,410,Nicolas Brussino,SF,DAL,2.8,1.8,0.9,0.3,0.1,0.369,0.305,0.773,2.6,0.5,1.8,0.4,0.9,0.5,0.472,0.3,0.4,0.5,1.3,0.5,0.8,54,9.6,-2.42,-1.82,-4.24,-0.36,7.2,94.91,18
384,412,James Jones,SF,CLE,2.8,0.8,0.3,0.1,0.2,0.478,0.47,0.65,1.9,0.6,1.4,0.3,0.5,0.5,0.647,0.3,0.4,0.1,0.7,0.2,0.8,48,7.9,-0.91,-1.27,-2.18,0.23,6.7,96.58,28
385,413,James Michael McAdoo,PF,GS,2.8,1.8,0.3,0.3,0.6,0.53,0.25,0.5,2.3,0,0.2,1.2,2.1,0.55,0.538,0.4,0.8,0.7,1.1,0.4,0.9,52,8.8,-3.15,1.07,-2.08,0.31,7.7,99.46,43
386,414,Chinanu Onuaku,C,HOU,2.8,2,0.6,0.6,0.2,0.714,,1,1.4,0,0,1,1.4,0.714,0.714,0.8,0.8,0.4,1.6,0.8,1.2,5,10.4,-2.25,0.15,-2.1,0.04,7.2,101.79,2
387,415,Kyle Singler,SF,OKC,2.8,1.5,0.3,0.2,0.2,0.41,0.189,0.765,2.6,0.2,1.2,0.8,1.4,0.587,0.452,0.4,0.5,0.3,1.3,0.3,0.9,32,12,-3.25,0.9,-2.35,0.19,4.6,99.19,15
388,417,Okaro White,PF,MIA,2.8,2.3,0.6,0.3,0.3,0.379,0.353,0.909,2.5,0.3,1,0.6,1.5,0.396,0.448,0.6,0.6,0.7,1.6,0.5,1.5,35,13.5,-2.13,-0.03,-2.16,0.28,5,95.86,26
389,418,Omer Asik,C,NO,2.7,5.3,0.5,0.2,0.3,0.477,,0.59,2.1,0,0,1,2.1,0.477,0.477,0.7,1.3,1.5,3.7,0.5,1.6,31,15.5,-2.97,1.94,-1.03,0.65,7.3,99.64,12
390,419,DeAndre Bembry,SF,ATL,2.7,1.6,0.7,0.2,0.1,0.48,0.056,0.375,2.6,0,0.5,1.2,2.1,0.575,0.485,0.2,0.4,0.4,1.2,0.4,0.6,38,9.8,-2.72,-0.67,-3.39,-0.05,7.2,97.03,20
391,420,Marcelo Huertas,PG,LAL,2.7,1,2.3,0.4,0.1,0.368,0.211,0.529,3,0.2,0.8,0.9,2.1,0.429,0.397,0.4,0.7,0.1,1,0.8,0.7,23,10.3,-2.17,-1.25,-3.42,-0.05,6.6,101.12,5
392,421,Wesley Johnson,SF,LAC,2.7,2.7,0.3,0.4,0.4,0.365,0.246,0.647,2.9,0.4,1.7,0.6,1.2,0.537,0.438,0.2,0.3,0.4,2.3,0.3,1.2,68,11.9,-3.79,2.62,-1.17,1.01,6.7,98.1,40
393,422,Tomas Satoransky,SG,WSH,2.7,1.5,1.6,0.5,0.1,0.415,0.243,0.697,2.6,0.2,0.6,0.9,1.9,0.473,0.446,0.4,0.6,0.4,1,0.7,1.1,57,12.6,-2.1,1.08,-1.02,0.93,6.4,95.69,33
394,423,Christian Wood,PF,CHA,2.7,2.2,0.2,0.2,0.5,0.522,0,0.733,1.8,0,0.4,0.9,1.4,0.667,0.522,0.8,1.2,1.1,1.2,0.5,0.8,13,8.2,-2.06,0.97,-1.09,0.13,9.3,94.08,5
395,424,Bryn Forbes,SG,SA,2.6,0.6,0.6,0,0,0.364,0.321,0.833,2.8,0.5,1.5,0.5,1.3,0.413,0.449,0.1,0.2,0.1,0.6,0.3,0.6,36,7.9,-2.78,-1.62,-4.4,-0.22,4.8,95.86,24
396,425,Andrew Nicholson,PF,BKN/WSH,2.6,1.6,0.3,0.4,0.2,0.387,0.185,0.643,2.9,0.1,0.7,1,2.2,0.452,0.41,0.2,0.4,0.4,1.2,0.4,1.4,38,9,-3.54,-0.67,-4.21,-0.23,3.1,97.45,20
397,426,Bobby Brown,PG,HOU,2.5,0.2,0.6,0,0,0.383,0.4,1,2.4,0.6,1.4,0.4,1,0.36,0.5,0.1,0.1,0,0.2,0.2,0.2,25,4.9,-1.69,-1.18,-2.87,0.02,6.9,102.26,18
398,427,Pat Connaughton,SG,POR,2.5,1.3,0.7,0.2,0.1,0.514,0.515,0.778,1.8,0.4,0.8,0.5,1,0.513,0.632,0.2,0.2,0.3,1.1,0.4,0.6,39,8.1,-1.28,-0.79,-2.07,0.21,8.8,95.99,18
399,428,DeAndre Liggins,SG,CLE/DAL,2.5,1.7,0.9,0.8,0.2,0.387,0.37,0.625,2.3,0.3,0.7,0.6,1.5,0.396,0.447,0.4,0.6,0.3,1.4,0.7,1.3,62,12.5,-3.13,0.76,-2.37,0.37,4.6,97.12,40
400,429,Kevon Looney,C,GS,2.5,2.3,0.5,0.3,0.3,0.523,0.222,0.618,2,0,0.2,1,1.8,0.551,0.533,0.4,0.6,0.8,1.5,0.3,1.2,53,8.4,-2.03,1.05,-0.98,0.63,8.5,101.44,44
401,430,Raul Neto,PG,UTAH,2.5,0.8,0.9,0.5,0.1,0.451,0.323,0.889,2.3,0.3,0.8,0.8,1.5,0.517,0.505,0.2,0.2,0.1,0.7,0.4,1.2,40,8.7,-1.43,0.92,-0.51,0.53,6.2,95.77,24
402,431,Miles Plumlee,C,MIL/CHA,2.5,2.1,0.5,0.4,0.3,0.478,,0.641,2,0,0,1,2,0.478,0.478,0.6,0.9,0.8,1.3,0.7,1.6,45,10.8,-2.79,0.52,-2.27,0.25,4,95.64,19
403,432,Mike Scott,PF,ATL,2.5,2.1,0.9,0.2,0.2,0.288,0.148,0.875,3.3,0.2,1.5,0.7,1.8,0.406,0.322,0.4,0.4,0.6,1.5,0.4,0.7,18,10.8,-2.92,0.26,-2.66,0.06,5.8,97.93,7
404,433,Chris Andersen,C,CLE,2.3,2.6,0.4,0.4,0.6,0.409,0,0.714,1.8,0,0.3,0.8,1.6,0.474,0.409,0.8,1.2,0.8,1.8,0.4,1.7,12,9.5,-1.4,1.02,-0.38,0.2,6.3,96.5,8
405,434,Chris McCullough,PF,BKN/WSH,2.3,1.2,0.1,0.1,0.1,0.5,0.143,0.6,2,0.1,0.4,0.9,1.6,0.6,0.516,0.2,0.3,0.6,0.6,0.2,0.4,16,5,-1.58,0.18,-1.4,0.09,8.5,100.2,1
406,435,Greivis Vasquez,PG,BKN,2.3,0.7,1.7,0.3,0.3,0.25,0.333,0.667,2.7,0.3,1,0.3,1.7,0.2,0.313,0.7,1,0,0.7,0.3,2,3,13,-1.77,-0.38,-2.15,0.03,0.9,102.41,1
407,436,Metta World Peace,SF,LAL,2.3,0.8,0.4,0.4,0.1,0.279,0.237,0.625,2.7,0.4,1.5,0.4,1.2,0.333,0.346,0.4,0.6,0.2,0.6,0.3,0.7,25,6.4,-2.61,0.53,-2.08,0.11,2.9,97.7,8
408,437,James Young,SG,BOS,2.3,0.9,0.1,0.3,0.1,0.431,0.343,0.667,2,0.4,1.2,0.4,0.8,0.565,0.534,0.2,0.3,0.2,0.7,0.1,0.5,29,7.6,-1.88,-0.28,-2.16,0.14,6.4,100.01,16
409,439,Jake Layman,SF,POR,2.2,0.7,0.3,0.3,0.1,0.292,0.255,0.765,2.5,0.4,1.5,0.4,1.1,0.342,0.365,0.4,0.5,0.2,0.5,0.3,0.6,35,7.1,-2.99,-0.03,-3.02,0.02,2.5,98.83,16
410,440,Treveon Graham,SG,CHA,2.1,0.8,0.2,0.2,0,0.475,0.6,0.667,1.5,0.3,0.6,0.4,0.9,0.4,0.588,0.4,0.6,0.2,0.6,0.1,0.7,27,7,-2.19,0.02,-2.17,0.11,6.5,94.19,10
411,441,Joe Young,PG,IND,2.1,0.5,0.5,0.1,0,0.361,0.217,0.733,2.2,0.2,0.7,0.6,1.5,0.429,0.396,0.3,0.5,0,0.5,0.2,0.2,33,4.1,-2.64,-1.42,-4.06,-0.08,8.7,99.86,18
412,442,Rakeem Christmas,PF,IND,2,1.9,0.1,0.1,0.2,0.442,,0.724,1.5,0,0,0.7,1.5,0.442,0.442,0.7,1,0.9,1,0.3,1.3,29,7.6,-2.2,0.5,-1.7,0.2,4.9,98.43,14
413,444,Demetrius Jackson,PG,BOS,2,0.8,0.6,0,0,0.75,1,0.5,0.8,0.2,0.2,0.4,0.6,0.667,0.875,0.6,1.2,0.4,0.4,0,0,5,3.4,-1.77,-0.3,-2.07,0.01,19.4,87.46,1
414,446,Udonis Haslem,C,MIA,1.9,2.3,0.4,0.4,0.1,0.478,0,0.6,1.4,0,0.2,0.7,1.3,0.55,0.478,0.6,0.9,0.5,1.8,0.5,1.4,16,8.1,-2.79,0.73,-2.06,0.09,7.3,98.53,6
415,447,Damian Jones,C,GS,1.9,2.3,0,0.1,0.4,0.5,,0.3,1.6,0,0,0.8,1.6,0.5,0.5,0.3,1,0.9,1.4,0.6,1.5,10,8.5,-2.58,0.8,-1.78,0.07,1.6,96.61,7
416,448,Marshall Plumlee,C,NY,1.9,2.4,0.5,0.2,0.2,0.533,,0.421,1.4,0,0,0.8,1.4,0.533,0.533,0.4,0.9,1.1,1.3,0.6,1.1,21,8.1,-1.75,0.65,-1.1,0.22,6,97.55,6
417,449,Tim Quarterman,SG,POR,1.9,0.9,0.7,0.1,0.2,0.448,0.385,0,1.8,0.3,0.8,0.5,1,0.5,0.534,0,0.2,0.3,0.6,0.7,0.4,16,5,-1.95,-0.4,-2.35,0.04,8.1,96.45,6
418,450,Joel Bolomboy,PF,UTAH,1.8,1.4,0.2,0.1,0.2,0.563,0.25,0.5,1.3,0.1,0.3,0.7,1,0.667,0.594,0.3,0.5,0.3,1.1,0.2,0.1,12,4.4,-1.95,1.03,-0.92,0.07,15.4,95.32,8
419,452,Lamar Patterson,SG,ATL,1.8,1.4,1.2,0.2,0,0.2,0.167,0.667,3,0.2,1.2,0.4,1.8,0.222,0.233,0.4,0.6,0.2,1.2,0.8,1.2,5,8,-2.23,0.62,-1.61,0.03,-0.4,93.96,1
420,453,Damjan Rudez,SF,ORL,1.8,0.6,0.4,0.3,0,0.352,0.313,,2,0.4,1.4,0.2,0.5,0.458,0.466,0,0,0.1,0.4,0.2,0.7,45,7,-2.38,-0.9,-3.28,-0.03,3.6,96.28,12
421,454,Cole Aldrich,C,MIN,1.7,2.5,0.4,0.4,0.4,0.523,,0.682,1.4,0,0,0.7,1.4,0.523,0.523,0.2,0.4,0.8,1.7,0.3,1.4,62,8.6,-1.82,1.83,0.01,1.04,7.6,97.42,23
422,455,Nick Collison,PF,OKC,1.7,1.6,0.6,0.1,0.1,0.609,0,0.625,1.2,0,0.1,0.7,1.1,0.636,0.609,0.3,0.4,0.5,1.1,0.2,0.9,20,6.4,-2.18,1.12,-1.06,0.17,12,97.52,10
423,456,Jordan Hill,C,MIN,1.7,2,0,0.1,0,0.385,,1,1.9,0,0,0.7,1.9,0.385,0.385,0.3,0.3,1.1,0.9,0.6,1.3,7,6.7,-2.31,1.16,-1.15,0.06,1.5,90.23,2
424,457,Bruno Caboclo,SF,TOR,1.6,1.1,0.4,0.2,0.1,0.375,0.333,,1.8,0.2,0.7,0.4,1.1,0.4,0.438,0,0,0.6,0.6,0.2,0.4,9,4.4,-1.76,0.11,-1.65,0.04,9.4,95.38,8
425,458,Deyonta Davis,C,MEM,1.6,1.7,0.1,0.1,0.5,0.511,,0.556,1.3,0,0,0.7,1.3,0.511,0.511,0.3,0.5,0.6,1.1,0.2,1.1,36,6.6,-2.88,-0.24,-3.12,0,6,95.37,23
426,459,Ryan Kelly,PF,ATL,1.6,1.1,0.5,0.3,0.3,0.286,0.4,0.833,1.8,0.3,0.6,0.3,1.1,0.222,0.357,0.3,0.4,0.1,1.1,0.3,0.3,16,6.9,-1.94,1.45,-0.49,0.08,7.3,96.26,6
427,460,Jordan Mickey,PF,BOS,1.5,1.4,0.3,0.1,0.2,0.441,0,0.571,1.4,0,0,0.6,1.3,0.455,0.441,0.3,0.6,0.5,0.8,0.4,0.5,25,5.6,-2.62,-0.15,-2.77,0.03,6,97.66,9
428,463,Mike Miller,SF,DEN,1.4,1.9,1.1,0.1,0,0.391,0.4,1,1.2,0.4,1,0.1,0.2,0.333,0.565,0.1,0.1,0.1,1.8,0.7,0.5,20,7.6,-1.93,0.35,-1.58,0.16,8.4,103.18,9
429,464,Diamond Stone,C,LAC,1.4,0.9,0,0,0.1,0.231,,1,1.9,0,0,0.4,1.9,0.231,0.231,0.6,0.6,0.1,0.7,0.3,0.7,7,3.4,-2.77,0.49,-2.28,0.01,-1.4,95.11,6
430,465,Joel Anthony,C,SA,1.3,1.6,0.2,0.1,0.3,0.625,,0.625,0.8,0,0,0.5,0.8,0.625,0.625,0.3,0.4,0.4,1.2,0.2,0.6,19,6.4,-2.41,1.44,-0.97,0.17,8.7,95.12,15
431,466,Brice Johnson,PF,LAC,1.3,1,0.3,0.7,0.3,0.286,,,2.3,0,0,0.7,2.3,0.286,0.286,0,0,0.3,0.7,0.3,0,3,3,-2.32,1.08,-1.24,0.01,10.8,95.72,1
432,467,Daniel Ochefu,C,WSH,1.3,1.2,0.2,0.1,0,0.444,,0,1.4,0,0,0.6,1.4,0.444,0.444,0,0.1,0.3,0.9,0.2,0.9,19,3.9,-2.35,0.55,-1.8,0.06,4.5,93.95,12
433,468,Anderson Varejao,C,GS,1.3,1.9,0.7,0.2,0.2,0.357,,0.727,1,0,0,0.4,1,0.357,0.357,0.6,0.8,0.9,1.1,0.6,1.1,14,6.6,-1.74,0.65,-1.09,0.1,4.8,102.27,12
434,469,Stephen Zimmerman,C,ORL,1.2,1.8,0.2,0.1,0.3,0.323,,0.6,1.6,0,0,0.5,1.6,0.323,0.323,0.2,0.3,0.6,1.3,0.2,0.9,19,5.7,-2.79,0.57,-2.22,0.06,4.6,95.34,8
435,470,Ronnie Price,PG,PHX,1,0.8,1.3,0.8,0.1,0.167,0.176,0.75,1.7,0.2,1.2,0.1,0.5,0.143,0.229,0.2,0.3,0.2,0.6,0.2,1,14,9.6,-2.24,-0.53,-2.77,0.03,3.2,102.91,4
436,471,Mike Tobey,C,CHA,1,1.5,0.5,0,0,0.25,,,2,0,0,0.5,2,0.25,0.25,0,0,1,0.5,0.5,1,2,12.5,-1.91,0.99,-0.92,0.03,-1.6,91.41,0
437,473,Georges Niang,PF,IND,0.9,0.7,0.2,0.1,0,0.25,0.083,1,1.6,0,0.5,0.3,1,0.333,0.264,0.1,0.1,0.1,0.7,0.2,0.3,23,4,-2.99,0.37,-2.62,0.03,2,97.58,11
438,474,Kyle Wiltjer,PF,HOU,0.9,0.7,0.1,0.2,0.1,0.286,0.308,0.5,1,0.3,0.9,0,0.1,0,0.429,0.1,0.1,0.3,0.4,0.4,0.3,14,3.1,-2.54,0.57,-1.97,0.04,3.3,107.61,12
439,475,Alonzo Gee,SF,DEN,0.8,1.2,0.5,0.4,0.1,0.214,0,0.556,1.1,0,0.2,0.2,0.8,0.273,0.214,0.4,0.7,0.3,0.8,0.3,1.1,13,6.8,-2.11,0.43,-1.68,0.08,0.8,104.33,4
440,477,Isaiah Taylor,PG,HOU,0.8,0.8,0.8,0.3,0.3,0.143,0,0.5,1.8,0,0.5,0.3,1.3,0.2,0.143,0.3,0.5,0.3,0.5,0,1.5,4,13,-2.19,-0.9,-3.09,0,-1.3,103.9,3
441,480,Michael Gbinije,SG,DET,0.4,0.3,0.2,0,0,0.1,0,1,1.1,0,0.4,0.1,0.7,0.167,0.1,0.2,0.2,0.2,0.1,0,0.2,9,3.6,-2.17,-0.17,-2.34,0.02,-2.7,91.34,7
442,481,John Lucas III,PG,MIN,0.4,0,0.2,0.4,0,0.25,0,,0.8,0,0.2,0.2,0.6,0.333,0.25,0,0,0,0,0,0,5,2.2,-1.3,-0.61,-1.91,0.01,7.3,94.47,3
443,482,Aaron Harrison,SG,CHA,0.2,0.6,0.6,0,0,0,0,0.5,0.8,0,0.4,0,0.4,0,0,0.2,0.4,0,0.6,0,0.4,5,3.4,-1.42,-0.32,-1.74,0.01,0,92.43,2
444,483,Ben Bentil,PF,DAL,0,0.7,0,0,0,0,0,,1,0,0.3,0,0.7,0,0,0,0,0,0.7,0.3,0.3,3,3.3,-1.95,0.65,-1.3,0.01,-6.1,106.15,2
445,484,Patricio Garino,SG,ORL,0,1.4,0,0,0,0,0,,1.4,0,1,0,0.4,0,0,0,0,0.2,1.2,0.6,0.8,5,8.6,-2.61,-0.4,-3.01,0,-4.9,95.65,2
